2026-05-10 21:17:14,580 [INFO] Activator:176 - 


2026-05-10 21:17:14,582 [INFO] Activator:177 - !SESSION log4j initialized
2026-05-10 21:17:18,378 [INFO] LogOutputStream:77 - [STDOUT_REDIRECT] 
2026-05-10 21:17:19,803 [ERROR] LogOutputStream:75 - [STDERR_REDIRECT] 
2026-05-10 21:17:22,059 [INFO] ApplicationProperties:184 - Using Application install path: /Applications/STM32CubeIDE.app/Contents/Eclipse/plugins/com.st.stm32cube.common.mx_6.15.0.202507011659
2026-05-10 21:17:22,076 [INFO] DbMcusXml:78 - Set database path to: /Applications/STM32CubeIDE.app/Contents/Eclipse/plugins/com.st.stm32cube.common.mx_6.15.0.202507011659//db//mcu/
2026-05-10 21:17:22,077 [INFO] ApiDb:274 - Set plugin database path to: /Applications/STM32CubeIDE.app/Contents/Eclipse/plugins/com.st.stm32cube.common.mx_6.15.0.202507011659//db//plugins/boardmanager/
2026-05-10 21:17:22,077 [WARN] ApiDb:259 - Overriding images path with different value:  => /Applications/STM32CubeIDE.app/Contents/Eclipse/plugins/com.st.stm32cube.common.mx_6.15.0.202507011659//db//plugins/mcufinder/images/
2026-05-10 21:17:22,086 [INFO] ApiDb:250 - Set database path to: /Users/jeffreya181/.stmcufinder/plugins/mcufinder//mcu/
2026-05-10 21:17:22,087 [INFO] DbMcusAds:125 - Set database path to: /Users/jeffreya181/.stmcufinder/plugins/mcufinder//mcu/
2026-05-10 21:17:22,089 [INFO] CrossReferenceDbSqlite:203 - Set database path to: /Users/jeffreya181/.stmcufinder/plugins/mcufinder//mcu/cs/
2026-05-10 21:17:22,278 [INFO] RulesReader:64 - Compatibility file has been processed (317 Rules)
2026-05-10 21:17:22,339 [INFO] DbMcusXml:78 - Set database path to: /Applications/STM32CubeIDE.app/Contents/Eclipse/plugins/com.st.stm32cube.common.mx_6.15.0.202507011659//db//mcu/
2026-05-10 21:17:22,339 [INFO] ApiDb:274 - Set plugin database path to: /Applications/STM32CubeIDE.app/Contents/Eclipse/plugins/com.st.stm32cube.common.mx_6.15.0.202507011659//db//plugins/boardmanager/
2026-05-10 21:17:22,339 [INFO] ApiDb:261 - Set plugin images path to: /Applications/STM32CubeIDE.app/Contents/Eclipse/plugins/com.st.stm32cube.common.mx_6.15.0.202507011659//db//plugins/mcufinder/images/
2026-05-10 21:17:22,340 [WARN] DbFile:41 - Overriding database path with different value: /Users/jeffreya181/.stmcufinder/plugins/mcufinder/ => /Users/jeffreya181/.stmcufinder/plugins/mcufinder
2026-05-10 21:17:22,340 [INFO] ApiDb:250 - Set database path to: /Users/jeffreya181/.stmcufinder/plugins/mcufinder//mcu/
2026-05-10 21:17:22,340 [WARN] DbFile:41 - Overriding database path with different value: /Users/jeffreya181/.stmcufinder/plugins/mcufinder/ => /Users/jeffreya181/.stmcufinder/plugins/mcufinder
2026-05-10 21:17:22,340 [INFO] DbMcusAds:125 - Set database path to: /Users/jeffreya181/.stmcufinder/plugins/mcufinder//mcu/
2026-05-10 21:17:22,340 [WARN] DbFile:41 - Overriding database path with different value: /Users/jeffreya181/.stmcufinder/plugins/mcufinder/ => /Users/jeffreya181/.stmcufinder/plugins/mcufinder
2026-05-10 21:17:22,340 [WARN] DbFile:41 - Overriding database path with different value: /Users/jeffreya181/.stmcufinder/plugins/mcufinder/ => /Users/jeffreya181/.stmcufinder/plugins/mcufinder
2026-05-10 21:17:22,340 [INFO] CrossReferenceDbSqlite:203 - Set database path to: /Users/jeffreya181/.stmcufinder/plugins/mcufinder//mcu/cs/
2026-05-10 21:17:22,418 [INFO] MainPanel:274 - HeapMemory: 325058560
2026-05-10 21:17:23,122 [INFO] DbMcusXml:78 - Set database path to: /Applications/STM32CubeIDE.app/Contents/Eclipse/plugins/com.st.stm32cube.common.mx_6.15.0.202507011659//db//mcu/
2026-05-10 21:17:23,122 [INFO] ApiDb:274 - Set plugin database path to: /Applications/STM32CubeIDE.app/Contents/Eclipse/plugins/com.st.stm32cube.common.mx_6.15.0.202507011659//db//plugins/boardmanager/
2026-05-10 21:17:23,122 [INFO] ApiDb:261 - Set plugin images path to: /Applications/STM32CubeIDE.app/Contents/Eclipse/plugins/com.st.stm32cube.common.mx_6.15.0.202507011659//db//plugins/mcufinder/images/
2026-05-10 21:17:23,123 [WARN] DbFile:41 - Overriding database path with different value: /Users/jeffreya181/.stmcufinder/plugins/mcufinder/ => /Users/jeffreya181/.stmcufinder/plugins/mcufinder
2026-05-10 21:17:23,123 [INFO] ApiDb:250 - Set database path to: /Users/jeffreya181/.stmcufinder/plugins/mcufinder//mcu/
2026-05-10 21:17:23,123 [WARN] DbFile:41 - Overriding database path with different value: /Users/jeffreya181/.stmcufinder/plugins/mcufinder/ => /Users/jeffreya181/.stmcufinder/plugins/mcufinder
2026-05-10 21:17:23,123 [INFO] DbMcusAds:125 - Set database path to: /Users/jeffreya181/.stmcufinder/plugins/mcufinder//mcu/
2026-05-10 21:17:23,123 [WARN] DbFile:41 - Overriding database path with different value: /Users/jeffreya181/.stmcufinder/plugins/mcufinder/ => /Users/jeffreya181/.stmcufinder/plugins/mcufinder
2026-05-10 21:17:23,123 [WARN] DbFile:41 - Overriding database path with different value: /Users/jeffreya181/.stmcufinder/plugins/mcufinder/ => /Users/jeffreya181/.stmcufinder/plugins/mcufinder
2026-05-10 21:17:23,123 [INFO] CrossReferenceDbSqlite:203 - Set database path to: /Users/jeffreya181/.stmcufinder/plugins/mcufinder//mcu/cs/
2026-05-10 21:17:23,143 [INFO] ApplicationProperties:184 - Using Application install path: /Applications/STM32CubeIDE.app/Contents/Eclipse/plugins/com.st.stm32cube.common.mx_6.15.0.202507011659
2026-05-10 21:17:23,144 [INFO] PluginManage:196 - Search for loadable plugins [exclusion list=, ]
2026-05-10 21:17:23,146 [INFO] PluginManage:310 - Check plugin analytics
2026-05-10 21:17:23,399 [INFO] AnalyticsPlugin:253 - Accepted Software Licenses: 
2026-05-10 21:17:23,399 [INFO] AnalyticsPlugin:255 - Accepted CMSIS Pack Licenses: 
2026-05-10 21:17:23,400 [INFO] AnalyticsPlugin:257 - Accepted Firmware Licenses: FW.F4.1.28.0
2026-05-10 21:17:23,415 [INFO] PluginManage:359 - Loaded plugin analytics (category:tool,tabindex:-1)
2026-05-10 21:17:23,416 [INFO] PluginManage:310 - Check plugin cadmodel
2026-05-10 21:17:23,427 [INFO] CADModel:105 - Init CAD model plugin
2026-05-10 21:17:23,427 [INFO] PluginManage:359 - Loaded plugin cadmodel (category:power,tabindex:5)
2026-05-10 21:17:23,428 [INFO] PluginManage:310 - Check plugin clock
2026-05-10 21:17:23,442 [INFO] PluginManage:359 - Loaded plugin clock (category:base,tabindex:2)
2026-05-10 21:17:23,442 [INFO] PluginManage:310 - Check plugin ddr
2026-05-10 21:17:23,444 [INFO] PluginManage:359 - Loaded plugin ddr (category:tool,tabindex:6)
2026-05-10 21:17:23,445 [INFO] PluginManage:310 - Check plugin filemanager
2026-05-10 21:17:23,958 [INFO] PluginManage:359 - Loaded plugin filemanager (category:base,tabindex:10)
2026-05-10 21:17:23,964 [INFO] PluginManage:310 - Check plugin ipmanager
2026-05-10 21:17:24,024 [INFO] PluginManage:359 - Loaded plugin ipmanager (category:base,tabindex:5)
2026-05-10 21:17:24,027 [INFO] PluginManage:310 - Check plugin lpbam
2026-05-10 21:17:24,055 [INFO] PluginManage:359 - Loaded plugin lpbam (category:base,tabindex:0)
2026-05-10 21:17:24,055 [INFO] PluginManage:310 - Check plugin memorymap
2026-05-10 21:17:24,071 [INFO] PluginManage:359 - Loaded plugin memorymap (category:base,tabindex:4)
2026-05-10 21:17:24,071 [INFO] PluginManage:310 - Check plugin pinoutandconfiguration
2026-05-10 21:17:24,077 [INFO] PluginManage:359 - Loaded plugin pinoutandconfiguration (category:base,tabindex:1)
2026-05-10 21:17:24,078 [INFO] PluginManage:310 - Check plugin pinoutconfig
2026-05-10 21:17:24,201 [WARN] SupportedApi:132 - Cannot load RTOS API schema: s4s-elt-must-match.1: The content of 'definitions' must match (annotation?, (simpleType | complexType)?, (unique | key | keyref)*)). A problem was found starting at: attribute.
2026-05-10 21:17:24,406 [INFO] PluginManage:359 - Loaded plugin pinoutconfig (category:base,tabindex:0)
2026-05-10 21:17:24,407 [INFO] PluginManage:310 - Check plugin power
2026-05-10 21:17:24,420 [INFO] PluginManage:359 - Loaded plugin power (category:power,tabindex:4)
2026-05-10 21:17:24,420 [INFO] PluginManage:310 - Check plugin projectmanager
2026-05-10 21:17:24,451 [INFO] PluginManage:359 - Loaded plugin projectmanager (category:projectmanager,tabindex:4)
2026-05-10 21:17:24,451 [INFO] PluginManage:310 - Check plugin rif
2026-05-10 21:17:24,459 [INFO] PluginManage:359 - Loaded plugin rif (category:base,tabindex:3)
2026-05-10 21:17:24,460 [INFO] PluginManage:310 - Check plugin thirdparty
2026-05-10 21:17:24,665 [INFO] PluginManage:359 - Loaded plugin thirdparty (category:base,tabindex:-1)
2026-05-10 21:17:24,666 [INFO] PluginManage:310 - Check plugin tools
2026-05-10 21:17:24,671 [INFO] PluginManage:359 - Loaded plugin tools (category:base,tabindex:7)
2026-05-10 21:17:24,665 [WARN] IntegrityCheckThread:84 - waiting for thirdparty lock release [integrity check]
2026-05-10 21:17:24,671 [INFO] PluginManage:310 - Check plugin tutovideos
2026-05-10 21:17:24,671 [INFO] IntegrityCheckThread:86 - entering critical section [integrity check]
2026-05-10 21:17:24,673 [INFO] ThirdPartyUpdaterWithRetryManager:70 - Updater plugin not ready yet. [1/15]
2026-05-10 21:17:24,878 [INFO] PluginManage:359 - Loaded plugin tutovideos (category:base,tabindex:-1)
2026-05-10 21:17:24,879 [INFO] PluginManage:310 - Check plugin updater
2026-05-10 21:17:24,912 [INFO] PluginManage:359 - Loaded plugin updater (category:base,tabindex:12)
2026-05-10 21:17:24,912 [INFO] PluginManage:310 - Check plugin userauth
2026-05-10 21:17:24,916 [INFO] UserAuth:118 - Init User Auth plugin
2026-05-10 21:17:24,918 [INFO] PluginManage:359 - Loaded plugin userauth (category:base,tabindex:14)
2026-05-10 21:17:24,919 [INFO] PluginManage:283 - PluginManage : Loaded plugins [18]
2026-05-10 21:17:25,181 [INFO] PinOutPanel:1589 - setPackage(No Configuration,No Configuration)
2026-05-10 21:17:25,278 [INFO] CADModel:165 - CPN selected for project level
2026-05-10 21:17:25,278 [INFO] CADModel:114 - Register for checkConnection events
2026-05-10 21:17:25,290 [INFO] IPUIPlugin:80 - create IPUIPlugin
2026-05-10 21:17:25,291 [INFO] PluginManager:220 - loadIPPluginJar : add mdma
2026-05-10 21:17:25,297 [INFO] IPUIPlugin:80 - create IPUIPlugin
2026-05-10 21:17:25,297 [INFO] PluginManager:220 - loadIPPluginJar : add freertos
2026-05-10 21:17:25,301 [INFO] IPUIPlugin:80 - create IPUIPlugin
2026-05-10 21:17:25,302 [INFO] PluginManager:220 - loadIPPluginJar : add gic
2026-05-10 21:17:25,310 [INFO] IPUIPlugin:80 - create IPUIPlugin
2026-05-10 21:17:25,310 [INFO] PluginManager:220 - loadIPPluginJar : add adc
2026-05-10 21:17:25,312 [INFO] IPUIPlugin:80 - create IPUIPlugin
2026-05-10 21:17:25,312 [INFO] PluginManager:220 - loadIPPluginJar : add gtzc
2026-05-10 21:17:25,313 [INFO] IPUIPlugin:80 - create IPUIPlugin
2026-05-10 21:17:25,313 [INFO] PluginManager:220 - loadIPPluginJar : add quadspi
2026-05-10 21:17:25,315 [INFO] IPUIPlugin:80 - create IPUIPlugin
2026-05-10 21:17:25,315 [INFO] PluginManager:220 - loadIPPluginJar : add aes
2026-05-10 21:17:25,317 [INFO] IPUIPlugin:80 - create IPUIPlugin
2026-05-10 21:17:25,317 [INFO] PluginManager:220 - loadIPPluginJar : add pdm2pcm
2026-05-10 21:17:25,318 [INFO] IPUIPlugin:80 - create IPUIPlugin
2026-05-10 21:17:25,318 [INFO] PluginManager:220 - loadIPPluginJar : add hash
2026-05-10 21:17:25,319 [INFO] IPUIPlugin:80 - create IPUIPlugin
2026-05-10 21:17:25,320 [INFO] PluginManager:220 - loadIPPluginJar : add tim
2026-05-10 21:17:25,321 [INFO] IPUIPlugin:80 - create IPUIPlugin
2026-05-10 21:17:25,321 [INFO] PluginManager:220 - loadIPPluginJar : add tsc
2026-05-10 21:17:25,324 [INFO] IPUIPlugin:80 - create IPUIPlugin
2026-05-10 21:17:25,325 [INFO] PluginManager:220 - loadIPPluginJar : add extmemmanager
2026-05-10 21:17:25,327 [INFO] IPUIPlugin:80 - create IPUIPlugin
2026-05-10 21:17:25,327 [INFO] PluginManager:220 - loadIPPluginJar : add ts
2026-05-10 21:17:25,328 [INFO] IPUIPlugin:80 - create IPUIPlugin
2026-05-10 21:17:25,329 [INFO] PluginManager:220 - loadIPPluginJar : add radio
2026-05-10 21:17:25,330 [INFO] IPUIPlugin:80 - create IPUIPlugin
2026-05-10 21:17:25,330 [INFO] PluginManager:220 - loadIPPluginJar : add can
2026-05-10 21:17:25,332 [INFO] IPUIPlugin:80 - create IPUIPlugin
2026-05-10 21:17:25,332 [INFO] PluginManager:220 - loadIPPluginJar : add dma3
2026-05-10 21:17:25,333 [INFO] IPUIPlugin:80 - create IPUIPlugin
2026-05-10 21:17:25,333 [INFO] PluginManager:220 - loadIPPluginJar : add dfsdm
2026-05-10 21:17:25,334 [INFO] IPUIPlugin:80 - create IPUIPlugin
2026-05-10 21:17:25,335 [INFO] PluginManager:220 - loadIPPluginJar : add spi
2026-05-10 21:17:25,336 [INFO] IPUIPlugin:80 - create IPUIPlugin
2026-05-10 21:17:25,336 [INFO] PluginManager:220 - loadIPPluginJar : add gfxmmu
2026-05-10 21:17:25,338 [INFO] IPUIPlugin:80 - create IPUIPlugin
2026-05-10 21:17:25,338 [INFO] PluginManager:220 - loadIPPluginJar : add genericplugin
2026-05-10 21:17:25,339 [INFO] IPUIPlugin:80 - create IPUIPlugin
2026-05-10 21:17:25,340 [INFO] PluginManager:220 - loadIPPluginJar : add cryp
2026-05-10 21:17:25,343 [INFO] IPUIPlugin:80 - create IPUIPlugin
2026-05-10 21:17:25,343 [INFO] PluginManager:220 - loadIPPluginJar : add gpio
2026-05-10 21:17:25,345 [INFO] IPUIPlugin:80 - create IPUIPlugin
2026-05-10 21:17:25,346 [INFO] PluginManager:220 - loadIPPluginJar : add ddr_ctrl_phy
2026-05-10 21:17:25,348 [INFO] IPUIPlugin:80 - create IPUIPlugin
2026-05-10 21:17:25,348 [INFO] PluginManager:220 - loadIPPluginJar : add comp
2026-05-10 21:17:25,350 [INFO] IPUIPlugin:80 - create IPUIPlugin
2026-05-10 21:17:25,351 [INFO] PluginManager:220 - loadIPPluginJar : add tracer_emb
2026-05-10 21:17:25,353 [INFO] IPUIPlugin:80 - create IPUIPlugin
2026-05-10 21:17:25,353 [INFO] PluginManager:220 - loadIPPluginJar : add openamp
2026-05-10 21:17:25,357 [INFO] IPUIPlugin:80 - create IPUIPlugin
2026-05-10 21:17:25,357 [INFO] PluginManager:220 - loadIPPluginJar : add stm32_wpan
2026-05-10 21:17:25,362 [INFO] IPUIPlugin:80 - create IPUIPlugin
2026-05-10 21:17:25,364 [INFO] PluginManager:220 - loadIPPluginJar : add plateformsettings
2026-05-10 21:17:25,367 [INFO] IPUIPlugin:80 - create IPUIPlugin
2026-05-10 21:17:25,367 [INFO] PluginManager:220 - loadIPPluginJar : add ipddr
2026-05-10 21:17:25,369 [INFO] IPUIPlugin:80 - create IPUIPlugin
2026-05-10 21:17:25,369 [INFO] PluginManager:220 - loadIPPluginJar : add usart
2026-05-10 21:17:25,370 [INFO] IPUIPlugin:80 - create IPUIPlugin
2026-05-10 21:17:25,370 [INFO] PluginManager:220 - loadIPPluginJar : add ltdc
2026-05-10 21:17:25,373 [INFO] IPUIPlugin:80 - create IPUIPlugin
2026-05-10 21:17:25,373 [INFO] PluginManager:220 - loadIPPluginJar : add nvic
2026-05-10 21:17:25,374 [INFO] IPUIPlugin:80 - create IPUIPlugin
2026-05-10 21:17:25,374 [INFO] PluginManager:220 - loadIPPluginJar : add fatfs
2026-05-10 21:17:25,379 [INFO] IPUIPlugin:80 - create IPUIPlugin
2026-05-10 21:17:25,379 [INFO] PluginManager:220 - loadIPPluginJar : add linkedlist
2026-05-10 21:17:25,384 [INFO] IPUIPlugin:80 - create IPUIPlugin
2026-05-10 21:17:25,384 [INFO] PluginManager:220 - loadIPPluginJar : add dma
2026-05-10 21:17:25,388 [INFO] IPUIPlugin:80 - create IPUIPlugin
2026-05-10 21:17:25,388 [INFO] PluginManager:220 - loadIPPluginJar : add fmc
2026-05-10 21:17:25,390 [INFO] IPUIPlugin:80 - create IPUIPlugin
2026-05-10 21:17:25,390 [INFO] PluginManager:220 - loadIPPluginJar : add i2s
2026-05-10 21:17:25,391 [INFO] IPUIPlugin:80 - create IPUIPlugin
2026-05-10 21:17:25,391 [INFO] PluginManager:220 - loadIPPluginJar : add ucpd
2026-05-10 21:17:25,393 [INFO] IPUIPlugin:80 - create IPUIPlugin
2026-05-10 21:17:25,393 [INFO] PluginManager:220 - loadIPPluginJar : add lorawan
2026-05-10 21:17:25,396 [INFO] IPUIPlugin:80 - create IPUIPlugin
2026-05-10 21:17:25,396 [INFO] PluginManager:220 - loadIPPluginJar : add opamp
2026-05-10 21:17:25,398 [INFO] IPUIPlugin:80 - create IPUIPlugin
2026-05-10 21:17:25,398 [INFO] PluginManager:220 - loadIPPluginJar : add i3c
2026-05-10 21:17:25,400 [INFO] IPUIPlugin:80 - create IPUIPlugin
2026-05-10 21:17:25,400 [INFO] PluginManager:220 - loadIPPluginJar : add touchsensing
2026-05-10 21:17:25,404 [INFO] IPUIPlugin:80 - create IPUIPlugin
2026-05-10 21:17:25,404 [INFO] PluginManager:220 - loadIPPluginJar : add i2c
2026-05-10 21:17:25,406 [INFO] IPUIPlugin:80 - create IPUIPlugin
2026-05-10 21:17:25,407 [INFO] PluginManager:220 - loadIPPluginJar : add resmgrutility
2026-05-10 21:17:25,409 [INFO] IPUIPlugin:80 - create IPUIPlugin
2026-05-10 21:17:25,409 [INFO] PluginManager:220 - loadIPPluginJar : add sai
2026-05-10 21:17:25,411 [INFO] IPUIPlugin:80 - create IPUIPlugin
2026-05-10 21:17:25,411 [INFO] PluginManager:220 - loadIPPluginJar : add usbx
2026-05-10 21:17:25,531 [FATAL] Updater:351 - Updater called before beeing initialized
2026-05-10 21:17:25,589 [INFO] RulesReader:64 - Compatibility file has been processed (317 Rules)
2026-05-10 21:17:25,603 [INFO] RulesReader:64 - Compatibility file has been processed (317 Rules)
2026-05-10 21:17:25,618 [INFO] CADModel:165 - CPN selected for project level
2026-05-10 21:17:25,619 [INFO] CADModel:114 - Register for checkConnection events
2026-05-10 21:17:25,619 [FATAL] Updater:351 - Updater called before beeing initialized
2026-05-10 21:17:25,619 [ERROR] CADModel:125 - Updater not yet initialized, retry later 
2026-05-10 21:17:25,877 [FATAL] Updater:351 - Updater called before beeing initialized
2026-05-10 21:17:25,879 [INFO] CADModel:165 - CPN selected for project level
2026-05-10 21:17:25,879 [INFO] CADModel:114 - Register for checkConnection events
2026-05-10 21:17:25,879 [FATAL] Updater:351 - Updater called before beeing initialized
2026-05-10 21:17:25,879 [ERROR] CADModel:125 - Updater not yet initialized, retry later 
2026-05-10 21:17:25,882 [FATAL] Updater:351 - Updater called before beeing initialized
2026-05-10 21:17:26,065 [FATAL] Updater:351 - Updater called before beeing initialized
2026-05-10 21:17:26,071 [INFO] DbMcusAds:53 - JSON generation date=Thu Mar 05 07:32:52 MST 2026 (1772721172890)
2026-05-10 21:17:26,071 [FATAL] Updater:351 - Updater called before beeing initialized
2026-05-10 21:17:26,492 [WARN] DetailPanel:346 - Failed to get advertising image, set to default
2026-05-10 21:17:26,574 [FATAL] Updater:351 - Updater called before beeing initialized
2026-05-10 21:17:26,579 [FATAL] Updater:351 - Updater called before beeing initialized
2026-05-10 21:17:26,580 [FATAL] Updater:351 - Updater called before beeing initialized
2026-05-10 21:17:26,581 [WARN] DetailPanel:346 - Failed to get advertising image, set to default
2026-05-10 21:17:26,584 [FATAL] Updater:351 - Updater called before beeing initialized
2026-05-10 21:17:26,659 [ERROR] Updater:1198 - MainUpdater not yet initialized. External WinMGr cannot be set.
2026-05-10 21:17:26,671 [INFO] Updater:1134 - Updater Version found : 6.15.0
2026-05-10 21:17:26,686 [INFO] ApplicationProperties:184 - Using Application install path: /Applications/STM32CubeIDE.app/Contents/Eclipse/plugins/com.st.stm32cube.common.mx_6.15.0.202507011659
2026-05-10 21:17:27,273 [INFO] MainUpdater:2872 - connection check result : 10
2026-05-10 21:17:27,273 [INFO] MainUpdater:3604 - Updater definition file requires update
2026-05-10 21:17:27,274 [INFO] MainUpdater:289 - Updater Check For Update Now.
2026-05-10 21:17:27,274 [INFO] MicroXplorer:498 - Change Database Version : DB.6.0.150
2026-05-10 21:17:27,280 [INFO] McuFinderGlobals:63 - Set McuFinder mode to 2 (CubeIDE integrated)
2026-05-10 21:17:27,281 [INFO] UserAuth:487 - Internet connection configuration mode: 1
2026-05-10 21:17:27,302 [INFO] JxBrowserEngine:152 - Initiate JxBrowser Engine with user profile folder
2026-05-10 21:17:27,609 [INFO] ServerAccessManage:452 - Complete download http(s) 200
2026-05-10 21:17:27,614 [INFO] ServerAccessManage:509 - Download File updaters.zip
2026-05-10 21:17:27,678 [WARN] MainUpdater:1193 - Updater busy. Cannot search thirdparties
2026-05-10 21:17:27,678 [INFO] ThirdPartyUpdaterWithRetryManager:96 - Updater plugin is busy. [1/15]
2026-05-10 21:17:27,837 [INFO] FileExtend:248 - Unzip File : updaters.zip
2026-05-10 21:17:27,837 [INFO] FileExtend:263 - Standard Zip Deflate
2026-05-10 21:17:28,224 [INFO] ServerAccessManage:452 - Complete download http(s) 200
2026-05-10 21:17:28,225 [INFO] ServerAccessManage:509 - Download File PacksControlFlags.xml
2026-05-10 21:17:28,373 [INFO] ServerAccessManage:452 - Complete download http(s) 200
2026-05-10 21:17:28,373 [INFO] ServerAccessManage:509 - Download File cubemx.pidx
2026-05-10 21:17:28,576 [INFO] LoadServerUpdatesThread:375 - End of LoadServerUpdate Thread
2026-05-10 21:17:28,780 [INFO] CheckServerUpdateThread:120 - End of CheckServer Thread
2026-05-10 21:17:30,986 [WARN] PackLoader:240 - Cannot read IP mode file for STMicroelectronics.X-CUBE-AZRTOS-H7.3.5.0
2026-05-10 21:17:31,035 [WARN] PackLoader:240 - Cannot read IP mode file for STMicroelectronics.FP-SNS-MOTENVWB1.1.4.0
2026-05-10 21:17:31,055 [WARN] PackLoader:240 - Cannot read IP mode file for STMicroelectronics.FP-ATR-ASTRA1.2.0.2
2026-05-10 21:17:31,066 [WARN] PackLoader:240 - Cannot read IP mode file for STMicroelectronics.FP-ATR-ASTRA1.2.0.1
2026-05-10 21:17:31,075 [WARN] PackLoader:240 - Cannot read IP mode file for STMicroelectronics.X-CUBE-SMBUS.2.1.0
2026-05-10 21:17:31,092 [WARN] PackLoader:240 - Cannot read IP mode file for STMicroelectronics.X-CUBE-WB05N.1.1.0
2026-05-10 21:17:31,102 [WARN] PackLoader:240 - Cannot read IP mode file for STMicroelectronics.X-CUBE-ST60.1.0.0
2026-05-10 21:17:31,116 [WARN] PackLoader:240 - Cannot read IP mode file for STMicroelectronics.X-CUBE-TOUCHGFX.4.23.0
2026-05-10 21:17:31,169 [WARN] PackLoader:240 - Cannot read IP mode file for STMicroelectronics.X-CUBE-AZRTOS-F7.1.1.0
2026-05-10 21:17:31,215 [WARN] PackLoader:240 - Cannot read IP mode file for STMicroelectronics.FP-SNS-MOTENV1.4.3.2
2026-05-10 21:17:31,369 [WARN] PackLoader:240 - Cannot read IP mode file for STMicroelectronics.X-CUBE-MEMS1.11.0.0
2026-05-10 21:17:31,573 [WARN] PackLoader:240 - Cannot read IP mode file for STMicroelectronics.FP-SNS-MOTENV1.5.1.0
2026-05-10 21:17:31,584 [WARN] PackLoader:240 - Cannot read IP mode file for STMicroelectronics.FP-SNS-FLIGHT1.5.0.2
2026-05-10 21:17:31,621 [WARN] PackLoader:240 - Cannot read IP mode file for STMicroelectronics.X-CUBE-AZRTOS-H7.3.4.0
2026-05-10 21:17:31,645 [WARN] PackLoader:240 - Cannot read IP mode file for STMicroelectronics.X-CUBE-DISPLAY.3.0.0
2026-05-10 21:17:31,658 [WARN] PackLoader:240 - Cannot read IP mode file for STMicroelectronics.X-CUBE-GNSS1.7.1.1
2026-05-10 21:17:31,664 [WARN] PackLoader:240 - Cannot read IP mode file for STMicroelectronics.FP-SNS-MOTENVWB1.1.5.0
2026-05-10 21:17:31,669 [WARN] PackLoader:240 - Cannot read IP mode file for STMicroelectronics.X-CUBE-BLE1.7.0.0
2026-05-10 21:17:31,681 [WARN] PackLoader:240 - Cannot read IP mode file for STMicroelectronics.X-CUBE-NFC10.1.0.0
2026-05-10 21:17:31,700 [WARN] PackLoader:240 - Cannot read IP mode file for STMicroelectronics.X-CUBE-BLEMGR.4.0.0
2026-05-10 21:17:31,716 [WARN] PackLoader:240 - Cannot read IP mode file for STMicroelectronics.X-CUBE-ST60.1.1.0
2026-05-10 21:17:31,727 [WARN] PackLoader:240 - Cannot read IP mode file for emotas.I-CUBE-CANOPEN.1.3.0
2026-05-10 21:17:31,734 [WARN] PackLoader:240 - Cannot read IP mode file for STMicroelectronics.X-CUBE-GNSS1.7.1.0
2026-05-10 21:17:31,758 [WARN] PackLoader:240 - Cannot read IP mode file for STMicroelectronics.X-CUBE-BLEMGR.3.1.0
2026-05-10 21:17:31,770 [WARN] PackLoader:240 - Cannot read IP mode file for STMicroelectronics.X-CUBE-AI.10.0.0
2026-05-10 21:17:31,780 [WARN] PackLoader:240 - Cannot read IP mode file for STMicroelectronics.FP-SNS-STBOX1.2.1.0
2026-05-10 21:17:31,789 [WARN] PackLoader:240 - Cannot read IP mode file for STMicroelectronics.FP-SNS-SMARTAG2.1.2.0
2026-05-10 21:17:31,799 [WARN] PackLoader:240 - Cannot read IP mode file for STMicroelectronics.FP-SNS-FLIGHT1.5.1.0
2026-05-10 21:17:31,898 [WARN] PackLoader:240 - Cannot read IP mode file for STMicroelectronics.X-CUBE-MEMS1.11.1.0
2026-05-10 21:17:32,033 [INFO] LogOutputStream:77 - [STDOUT_REDIRECT] 1 : Invalid condition id : UX_CORESTACK_Condition cause : null
2026-05-10 21:17:32,035 [INFO] LogOutputStream:77 - [STDOUT_REDIRECT] 1 : Invalid condition id : UX_CORESTACK_Condition cause : null
2026-05-10 21:17:32,036 [INFO] LogOutputStream:77 - [STDOUT_REDIRECT] 1 : Invalid condition id : UX_CORESTACK_Condition cause : null
2026-05-10 21:17:32,036 [INFO] LogOutputStream:77 - [STDOUT_REDIRECT] 1 : Invalid condition id : UX_CORESTACK_Condition cause : null
2026-05-10 21:17:32,036 [INFO] LogOutputStream:77 - [STDOUT_REDIRECT] 1 : Invalid condition id : UX_CORESTACK_Condition cause : null
2026-05-10 21:17:32,043 [WARN] PackLoader:240 - Cannot read IP mode file for STMicroelectronics.X-CUBE-AZRTOS-WL.2.0.0
2026-05-10 21:17:32,050 [WARN] PackLoader:240 - Cannot read IP mode file for STMicroelectronics.FP-SNS-MOTENV1.5.0.0
2026-05-10 21:17:32,078 [WARN] PackLoader:240 - Cannot read IP mode file for STMicroelectronics.X-CUBE-AZRTOS-H7RS.1.2.0
2026-05-10 21:17:32,086 [WARN] PackLoader:240 - Cannot read IP mode file for wolfSSL.I-CUBE-wolfMQTT.1.19.0
2026-05-10 21:17:32,096 [WARN] PackLoader:240 - Cannot read IP mode file for WES.I-CUBE-Cesium.1.3.0
2026-05-10 21:17:32,104 [WARN] PackLoader:240 - Cannot read IP mode file for STMicroelectronics.X-CUBE-BLE2.3.3.0
2026-05-10 21:17:32,139 [WARN] PackLoader:240 - Cannot read IP mode file for STMicroelectronics.X-CUBE-NFC9.1.0.0
2026-05-10 21:17:32,148 [WARN] PackLoader:240 - Cannot read IP mode file for STMicroelectronics.X-CUBE-BLE1.7.1.0
2026-05-10 21:17:32,160 [WARN] PackLoader:240 - Cannot read IP mode file for STMicroelectronics.X-CUBE-TCPP.4.1.0
2026-05-10 21:17:32,369 [WARN] PackLoader:240 - Cannot read IP mode file for STMicroelectronics.X-CUBE-FREERTOS.1.4.0
2026-05-10 21:17:32,387 [WARN] PackLoader:240 - Cannot read IP mode file for STMicroelectronics.X-CUBE-EEPRMA1.5.2.0
2026-05-10 21:17:32,405 [WARN] PackLoader:240 - Cannot read IP mode file for STMicroelectronics.X-CUBE-ST67W61.1.1.0
2026-05-10 21:17:32,418 [WARN] PackLoader:240 - Cannot read IP mode file for STMicroelectronics.FP-SNS-STAIOTCFT.1.1.0
2026-05-10 21:17:32,515 [WARN] PackLoader:240 - Cannot read IP mode file for STMicroelectronics.X-CUBE-MEMS1.12.0.0
2026-05-10 21:17:32,659 [WARN] PackLoader:240 - Cannot read IP mode file for STMicroelectronics.X-CUBE-ALGOBUILD.1.3.0
2026-05-10 21:17:32,743 [WARN] PackLoader:240 - Cannot read IP mode file for STMicroelectronics.X-CUBE-MEMS1.11.2.0
2026-05-10 21:17:32,929 [WARN] PackLoader:240 - Cannot read IP mode file for STMicroelectronics.X-CUBE-AZRTOS-G0.1.1.0
2026-05-10 21:17:32,950 [WARN] PackLoader:240 - Cannot read IP mode file for STMicroelectronics.X-CUBE-SAFEA1.1.2.2
2026-05-10 21:17:32,958 [WARN] PackLoader:240 - Cannot read IP mode file for STMicroelectronics.X-CUBE-NFC4.3.0.0
2026-05-10 21:17:32,975 [WARN] PackLoader:240 - Cannot read IP mode file for EmbeddedOffice.I-CUBE-FS-RTOS.1.0.1
2026-05-10 21:17:32,988 [WARN] PackLoader:240 - Cannot read IP mode file for STMicroelectronics.X-CUBE-WB05N.2.0.0
2026-05-10 21:17:33,004 [WARN] PackLoader:240 - Cannot read IP mode file for STMicroelectronics.X-CUBE-BLEMGR.3.0.0
2026-05-10 21:17:33,015 [WARN] PackLoader:240 - Cannot read IP mode file for STMicroelectronics.X-CUBE-TCPP.4.2.0
2026-05-10 21:17:33,145 [WARN] PackLoader:240 - Cannot read IP mode file for RealThread.X-CUBE-RT-Thread_Nano.4.1.1
2026-05-10 21:17:33,148 [WARN] PackLoader:240 - Cannot read IP mode file for STMicroelectronics.FP-ATR-SIGFOX1.3.2.0
2026-05-10 21:17:33,152 [WARN] ConditionMgr:438 - getConditionDescription Invalid condition id : Cortex-A Device cause : null
2026-05-10 21:17:33,172 [WARN] ConditionMgr:1044 - genDependencies : Invalid condition id : Cortex-A Device cause : null
2026-05-10 21:17:33,172 [WARN] ConditionMgr:1044 - genDependencies : Invalid condition id : Cortex-A Device cause : null
2026-05-10 21:17:33,172 [WARN] ConditionMgr:1044 - genDependencies : Invalid condition id : Cortex-A Device cause : null
2026-05-10 21:17:33,180 [WARN] PackLoader:240 - Cannot read IP mode file for STMicroelectronics.X-CUBE-EEPRMA1.5.1.0
2026-05-10 21:17:33,189 [WARN] PackLoader:240 - Cannot read IP mode file for STMicroelectronics.X-CUBE-FREERTOS.1.5.0
2026-05-10 21:17:33,200 [WARN] PackLoader:240 - Cannot read IP mode file for STMicroelectronics.X-CUBE-NFC6.3.2.0
2026-05-10 21:17:33,211 [WARN] PackLoader:240 - Cannot read IP mode file for STMicroelectronics.X-CUBE-ST67W61.1.0.0
2026-05-10 21:17:33,216 [WARN] PackLoader:240 - Cannot read IP mode file for STMicroelectronics.X-CUBE-AI.10.2.0
2026-05-10 21:17:33,288 [WARN] PackLoader:240 - Cannot read IP mode file for STMicroelectronics.X-CUBE-MEMS1.12.1.0
2026-05-10 21:17:33,392 [WARN] PackLoader:240 - Cannot read IP mode file for SEGGER.I-CUBE-embOS.1.3.1
2026-05-10 21:17:33,433 [WARN] PackLoader:240 - Cannot read IP mode file for STMicroelectronics.X-CUBE-ALGOBUILD.1.4.0
2026-05-10 21:17:33,505 [WARN] PackLoader:240 - Cannot read IP mode file for STMicroelectronics.X-CUBE-MEMS1.11.3.0
2026-05-10 21:17:33,603 [WARN] PackLoader:240 - Cannot read IP mode file for STMicroelectronics.X-CUBE-AI.9.1.0
2026-05-10 21:17:33,608 [WARN] PackLoader:240 - Cannot read IP mode file for STMicroelectronics.X-CUBE-PM33A1.1.0.0
2026-05-10 21:17:33,614 [WARN] PackLoader:240 - Cannot read IP mode file for STMicroelectronics.X-CUBE-GNSS1.6.0.0
2026-05-10 21:17:33,640 [WARN] PackLoader:240 - Cannot read IP mode file for STMicroelectronics.X-CUBE-AZRTOS-F4.1.1.0
2026-05-10 21:17:33,647 [WARN] PackLoader:240 - Cannot read IP mode file for Avnet-IotConnect.X-CUBE-IoTC-DA16k-PMOD.1.0.0
2026-05-10 21:17:33,651 [WARN] PackLoader:240 - Cannot read IP mode file for STMicroelectronics.X-CUBE-ISPU.2.1.0
2026-05-10 21:17:33,664 [WARN] PackLoader:240 - Cannot read IP mode file for STMicroelectronics.X-CUBE-IPS.3.2.0
2026-05-10 21:17:33,673 [WARN] PackLoader:240 - Cannot read IP mode file for STMicroelectronics.eDS-WB_DPC_TT-BIDIR.2.1.1
2026-05-10 21:17:33,677 [WARN] PackLoader:240 - Cannot read IP mode file for STMicroelectronics.X-CUBE-FREERTOS.1.2.0
2026-05-10 21:17:33,683 [WARN] PackLoader:240 - Cannot read IP mode file for wolfSSL.I-CUBE-wolfSSL.5.6.6
2026-05-10 21:17:33,690 [WARN] PackLoader:240 - Cannot read IP mode file for STMicroelectronics.X-CUBE-NFC12.1.0.0
2026-05-10 21:17:33,718 [WARN] PackLoader:240 - Cannot read IP mode file for STMicroelectronics.X-CUBE-AZRTOS-L5.2.0.0
2026-05-10 21:17:33,731 [WARN] PackLoader:240 - Cannot read IP mode file for STMicroelectronics.X-CUBE-EEPRMA1.4.2.0
2026-05-10 21:17:33,742 [WARN] PackLoader:240 - Cannot read IP mode file for STMicroelectronics.X-CUBE-NFC6.3.1.0
2026-05-10 21:17:33,748 [WARN] PackLoader:240 - Cannot read IP mode file for ITTIA_DB.I-CUBE-ITTIADB.8.8.0
2026-05-10 21:17:33,754 [WARN] PackLoader:240 - Cannot read IP mode file for STMicroelectronics.X-CUBE-DPower.1.2.0
2026-05-10 21:17:33,758 [WARN] PackLoader:240 - Cannot read IP mode file for STMicroelectronics.eDS-WB_DPC_VIENNA.1.2.0
2026-05-10 21:17:33,761 [WARN] PackLoader:240 - Cannot read IP mode file for STMicroelectronics.eDS-WB_DPC_3PH2L-BIDIR.1.1.1
2026-05-10 21:17:33,764 [WARN] PackLoader:240 - Cannot read IP mode file for STMicroelectronics.X-CUBE-AI.9.0.0
2026-05-10 21:17:33,771 [ERROR] Engine:466 - /Users/jeffreya181/.stm32cubemx/thirdparties/pdsc/STMicroelectronics.X-CUBE-ST67W61.1.3.0.pdsc: PDSC version is not supported
2026-05-10 21:17:33,776 [WARN] PackLoader:240 - Cannot read IP mode file for STMicroelectronics.X-CUBE-FREERTOS.1.3.1
2026-05-10 21:17:33,780 [WARN] PackLoader:240 - Cannot read IP mode file for STMicroelectronics.X-CUBE-FREERTOS.1.3.0
2026-05-10 21:17:33,785 [WARN] PackLoader:240 - Cannot read IP mode file for STMicroelectronics.X-CUBE-NFC7.1.0.1
2026-05-10 21:17:33,790 [WARN] PackLoader:240 - Cannot read IP mode file for wolfSSL.I-CUBE-wolfTPM.3.2.0
2026-05-10 21:17:33,793 [WARN] PackLoader:240 - Cannot read IP mode file for STMicroelectronics.X-CUBE-TOUCHGFX.4.26.0
2026-05-10 21:17:33,802 [WARN] PackLoader:240 - Cannot read IP mode file for STMicroelectronics.X-CUBE-NFC6.3.0.0
2026-05-10 21:17:33,810 [WARN] PackLoader:240 - Cannot read IP mode file for STMicroelectronics.X-CUBE-TOUCHGFX.4.26.1
2026-05-10 21:17:33,816 [WARN] PackLoader:240 - Cannot read IP mode file for STMicroelectronics.FP-SNS-STAIOTCFT.1.0.0
2026-05-10 21:17:33,821 [WARN] PackLoader:240 - Cannot read IP mode file for STMicroelectronics.X-CUBE-DPower.1.3.0
2026-05-10 21:17:33,824 [WARN] PackLoader:240 - Cannot read IP mode file for STMicroelectronics.X-CUBE-AI.8.1.0
2026-05-10 21:17:33,845 [WARN] ConditionMgr:438 - getConditionDescription Invalid condition id : LAN8742 Phy interface Condition cause : null
2026-05-10 21:17:33,847 [WARN] PackLoader:240 - Cannot read IP mode file for STMicroelectronics.X-CUBE-AZRTOS-L4.2.0.0
2026-05-10 21:17:33,849 [WARN] ConditionMgr:1044 - genDependencies : Invalid condition id : LAN8742 Phy interface Condition cause : null
2026-05-10 21:17:33,850 [WARN] ConditionMgr:1044 - genDependencies : Invalid condition id : LAN8742 Phy interface Condition cause : null
2026-05-10 21:17:33,851 [WARN] ConditionMgr:1044 - genDependencies : Invalid condition id : LAN8742 Phy interface Condition cause : null
2026-05-10 21:17:33,861 [WARN] PackLoader:240 - Cannot read IP mode file for STMicroelectronics.X-CUBE-SFXS2LP1.4.0.0
2026-05-10 21:17:33,873 [WARN] PackLoader:240 - Cannot read IP mode file for STMicroelectronics.X-CUBE-WB05N.2.1.0
2026-05-10 21:17:33,882 [WARN] PackLoader:240 - Cannot read IP mode file for STMicroelectronics.X-CUBE-ST67W61.1.2.0
2026-05-10 21:17:33,909 [WARN] PackLoader:240 - Cannot read IP mode file for STMicroelectronics.X-CUBE-AZRTOS-H7.3.3.0
2026-05-10 21:17:33,932 [WARN] PackLoader:240 - Cannot read IP mode file for STMicroelectronics.X-CUBE-BLEMGR.4.1.0
2026-05-10 21:17:33,949 [WARN] PackLoader:240 - Cannot read IP mode file for STMicroelectronics.X-CUBE-IPS.3.0.0
2026-05-10 21:17:33,966 [WARN] ConditionMgr:438 - getConditionDescription Invalid condition id : UX DEVICE CLASS RTOS Condition cause : null
2026-05-10 21:17:33,967 [WARN] ConditionMgr:438 - getConditionDescription Invalid condition id : UX DEVICE CLASS RTOS Condition cause : null
2026-05-10 21:17:33,971 [WARN] PackLoader:240 - Cannot read IP mode file for STMicroelectronics.X-CUBE-AZRTOS-WB.2.0.0
2026-05-10 21:17:33,972 [WARN] ConditionMgr:1044 - genDependencies : Invalid condition id : UX DEVICE CLASS RTOS Condition cause : null
2026-05-10 21:17:33,972 [WARN] ConditionMgr:1044 - genDependencies : Invalid condition id : UX DEVICE CLASS RTOS Condition cause : null
2026-05-10 21:17:33,973 [WARN] ConditionMgr:1044 - genDependencies : Invalid condition id : UX DEVICE CLASS RTOS Condition cause : null
2026-05-10 21:17:33,974 [WARN] ConditionMgr:1044 - genDependencies : Invalid condition id : UX DEVICE CLASS RTOS Condition cause : null
2026-05-10 21:17:33,974 [WARN] ConditionMgr:1044 - genDependencies : Invalid condition id : UX DEVICE CLASS RTOS Condition cause : null
2026-05-10 21:17:33,983 [WARN] PackLoader:240 - Cannot read IP mode file for STMicroelectronics.X-CUBE-GNSS1.7.0.0
2026-05-10 21:17:33,991 [WARN] PackLoader:240 - Cannot read IP mode file for STMicroelectronics.X-CUBE-GNSS1.7.0.1
2026-05-10 21:17:33,995 [WARN] PackLoader:240 - Cannot read IP mode file for STMicroelectronics.X-CUBE-TOUCHGFX.4.25.0
2026-05-10 21:17:34,000 [WARN] PackLoader:240 - Cannot read IP mode file for STMicroelectronics.FP-SNS-STBOX1.2.0.0
2026-05-10 21:17:34,012 [WARN] PackLoader:240 - Cannot read IP mode file for STMicroelectronics.X-CUBE-STSE01.2.0.0
2026-05-10 21:17:34,037 [WARN] PackLoader:240 - Cannot read IP mode file for STMicroelectronics.X-CUBE-SUBG2.5.0.0
2026-05-10 21:17:34,069 [WARN] PackLoader:240 - Cannot read IP mode file for STMicroelectronics.X-CUBE-AZRTOS-H7RS.1.1.0
2026-05-10 21:17:34,079 [WARN] PackLoader:240 - Cannot read IP mode file for Cesanta.I-CUBE-Mongoose.7.13.0
2026-05-10 21:17:34,096 [WARN] PackLoader:240 - Cannot read IP mode file for STMicroelectronics.X-CUBE-AZRTOS-G4.2.0.0
2026-05-10 21:17:34,114 [WARN] PackLoader:240 - Cannot read IP mode file for Infineon.AIROC-Wi-Fi-Bluetooth-STM32.1.5.1
2026-05-10 21:17:34,124 [WARN] PackLoader:240 - Cannot read IP mode file for STMicroelectronics.X-CUBE-NFC7.2.0.0
2026-05-10 21:17:34,128 [WARN] PackLoader:240 - Cannot read IP mode file for STMicroelectronics.FP-SNS-MOTENVWB1.1.3.1
2026-05-10 21:17:34,132 [WARN] PackLoader:240 - Cannot read IP mode file for STMicroelectronics.X-CUBE-ISPU.2.0.0
2026-05-10 21:17:34,143 [WARN] PackLoader:240 - Cannot read IP mode file for STMicroelectronics.X-CUBE-IPS.3.1.0
2026-05-10 21:17:34,150 [WARN] PackLoader:240 - Cannot read IP mode file for STMicroelectronics.X-CUBE-ALS.1.0.2
2026-05-10 21:17:34,234 [WARN] PackLoader:240 - Cannot read IP mode file for STMicroelectronics.X-CUBE-MEMS1.10.0.0
2026-05-10 21:17:34,333 [WARN] PackLoader:240 - Cannot read IP mode file for STMicroelectronics.X-CUBE-FREERTOS.1.1.0
2026-05-10 21:17:34,340 [WARN] PackLoader:240 - Cannot read IP mode file for STMicroelectronics.X-CUBE-TOUCHGFX.4.24.0
2026-05-10 21:17:34,342 [WARN] PackLoader:240 - Cannot read IP mode file for STMicroelectronics.X-CUBE-TOUCHGFX.4.24.2
2026-05-10 21:17:34,344 [WARN] PackLoader:240 - Cannot read IP mode file for STMicroelectronics.X-CUBE-TOUCHGFX.4.24.1
2026-05-10 21:17:34,352 [WARN] PackLoader:240 - Cannot read IP mode file for STMicroelectronics.X-CUBE-STSE01.1.0.0
2026-05-10 21:17:34,360 [WARN] PackLoader:240 - Cannot read IP mode file for portGmbH.I-Cube-SoM-uGOAL.1.1.0
2026-05-10 21:17:34,371 [WARN] PackLoader:240 - Cannot read IP mode file for STMicroelectronics.X-CUBE-ALS.1.0.1
2026-05-10 21:17:34,393 [WARN] PackLoader:240 - Cannot read IP mode file for STMicroelectronics.X-CUBE-AZRTOS-H7RS.1.0.0
2026-05-10 21:17:34,401 [WARN] PackLoader:240 - Cannot read IP mode file for STMicroelectronics.FP-ATR-ASTRA1.2.0.0
2026-05-10 21:17:34,413 [WARN] PackLoader:240 - Cannot read IP mode file for STMicroelectronics.X-CUBE-TOF1.3.4.2
2026-05-10 21:17:34,437 [WARN] PackLoader:240 - Cannot read IP mode file for STMicroelectronics.X-CUBE-TOF1.3.4.3
2026-05-10 21:17:34,459 [WARN] PackLoader:240 - Cannot read IP mode file for STMicroelectronics.X-CUBE-TOF1.3.4.0
2026-05-10 21:17:34,479 [WARN] PackLoader:240 - Cannot read IP mode file for STMicroelectronics.X-CUBE-TOF1.3.4.1
2026-05-10 21:17:34,521 [WARN] PackLoader:240 - Cannot read IP mode file for STMicroelectronics.X-CUBE-AZRTOS-H7.3.2.0
2026-05-10 21:17:34,536 [WARN] PackLoader:240 - Cannot read IP mode file for wolfSSL.I-CUBE-wolfSSH.1.4.17
2026-05-10 21:17:34,538 [INFO] ThirdParty:978 - Integrity check success = true
2026-05-10 21:17:34,538 [INFO] IntegrityCheckThread:100 - exiting critical section [integrity check]
2026-05-10 21:17:34,538 [INFO] IntegrityCheckThread:103 - End integrity checks thread
2026-05-10 21:17:35,077 [INFO] WebApp:169 - Instantiating new browser for Auth
2026-05-10 21:17:36,718 [INFO] WebApp:463 - Apply proxy settings
2026-05-10 21:17:36,731 [INFO] WebApp:508 - Chromium authenticates against Manually configured proxy
2026-05-10 21:17:36,753 [INFO] WebApp:516 - Username used for proxy authentication: 
2026-05-10 21:17:36,810 [INFO] WebApp:900 - Register for checkConnection events
2026-05-10 21:17:36,810 [INFO] WebApp:463 - Apply proxy settings
2026-05-10 21:17:36,816 [INFO] WebApp:508 - Chromium authenticates against Manually configured proxy
2026-05-10 21:17:36,817 [INFO] WebApp:516 - Username used for proxy authentication: 
2026-05-10 21:17:37,014 [INFO] WebApp:225 - Starting web application
2026-05-10 21:17:37,015 [INFO] WebApp:593 - Web application path used /Applications/STM32CubeIDE.app/Contents/Eclipse/plugins/com.st.stm32cube.common.mx_6.15.0.202507011659/db/plugins/mcufinder/reactClient1/index.html
2026-05-10 21:17:37,526 [INFO] WebApp:191 - Connection restablished
2026-05-10 21:17:37,920 [INFO] UserAuth:487 - Internet connection configuration mode: 1
2026-05-10 21:17:39,229 [INFO] McuFinderGlobals:63 - Set McuFinder mode to 2 (CubeIDE integrated)
2026-05-10 21:17:39,241 [INFO] MainUpdater:2872 - connection check result : 10
2026-05-10 21:17:39,244 [INFO] McuFinderGlobals:76 - Set McuFinderConnectedMode to true
2026-05-10 21:17:40,146 [INFO] ServerAccessManage:452 - Complete download http(s) 200
2026-05-10 21:17:40,149 [INFO] ServerAccessManage:509 - Download File mcusAds.json._tmp_
2026-05-10 21:17:40,262 [INFO] LoadUrlFilesThread:156 - End of LoadUrlFiles Thread
2026-05-10 21:17:40,546 [INFO] ServerAccessManage:452 - Complete download http(s) 200
2026-05-10 21:17:40,551 [INFO] ServerAccessManage:509 - Download File cube-finder-db.zip
2026-05-10 21:17:43,334 [INFO] FileExtend:248 - Unzip File : cube-finder-db.zip
2026-05-10 21:17:43,338 [INFO] FileExtend:263 - Standard Zip Deflate
2026-05-10 21:17:44,386 [INFO] LoadUrlFilesThread:156 - End of LoadUrlFiles Thread
2026-05-10 21:17:45,402 [INFO] ServerAccessManage:452 - Complete download http(s) 200
2026-05-10 21:17:45,413 [INFO] ServerAccessManage:509 - Download File crdb.zip
2026-05-10 21:17:46,271 [INFO] FileExtend:248 - Unzip File : crdb.zip
2026-05-10 21:17:46,275 [INFO] FileExtend:263 - Standard Zip Deflate
2026-05-10 21:17:46,400 [INFO] LoadUrlFilesThread:156 - End of LoadUrlFiles Thread
2026-05-10 21:17:46,532 [INFO] ServerAccessManage:452 - Complete download http(s) 200
2026-05-10 21:17:46,534 [INFO] ServerAccessManage:509 - Download File tutoVideoDB.zip
2026-05-10 21:17:46,566 [INFO] FileExtend:248 - Unzip File : tutoVideoDB.zip
2026-05-10 21:17:46,566 [INFO] FileExtend:263 - Standard Zip Deflate
2026-05-10 21:17:46,688 [INFO] LoadUrlFilesThread:156 - End of LoadUrlFiles Thread
2026-05-10 21:17:46,711 [WARN] DbFile:41 - Overriding database path with different value: /Users/jeffreya181/.stmcufinder/plugins/mcufinder/ => /Users/jeffreya181/.stmcufinder/plugins/mcufinder
2026-05-10 21:17:47,327 [ERROR] ServerAccessManage:1212 - Problem, file not found on Server
2026-05-10 21:17:47,330 [ERROR] ServerAccessManage:740 - Problem, file not found on Server : api_config.json.
2026-05-10 21:17:56,368 [INFO] LoadUrlFilesThread:156 - End of LoadUrlFiles Thread
2026-05-10 21:17:57,427 [INFO] DbMcusAds:53 - JSON generation date=Mon Apr 27 02:14:29 MDT 2026 (1777277669577)
2026-05-10 21:17:57,488 [ERROR] TargetSelectorAdapter:267 - Unable to refresh data
2026-05-10 21:17:59,229 [INFO] ApiDb:581 - Connected to CubeFinder SQLite database (/Users/jeffreya181/.stmcufinder/plugins/mcufinder/mcu/cube-finder-db.db)
2026-05-10 21:17:59,313 [INFO] ApiDb:668 - CubeFinder database Data Model version=2.1
2026-05-10 21:17:59,313 [INFO] ApiDb:669 - CubeFinder database Configuration version=3.0.42
2026-05-10 21:17:59,314 [INFO] ApiDb:670 - CubeFinder database generation date=2026-05-06 (1778060171)
2026-05-10 21:17:59,314 [INFO] ApiDb:671 - CubeFinder database FW Pack versions=[FP-ATR-ASTRA1_V2.0.0, FP-SNS-FLIGHT1_V5.1.0, FP-SNS-MOTENV1_V5.1.0, FP-SNS-MOTENVWB1_V1.5.0, FP-SNS-SMARTAG2_V1.2.0, FP-SNS-STBOX1_V2.1.0, STM32Cube_FW_C0_V1.4.0, STM32Cube_FW_F4_V1.28.3, STM32Cube_FW_F7_V1.17.4, STM32Cube_FW_G0_V1.6.3, STM32Cube_FW_G4_V1.6.2, STM32Cube_FW_H5_V1.6.0, STM32Cube_FW_H7RS_V1.3.0, STM32Cube_FW_H7_V1.13.0, STM32Cube_FW_L0_V1.12.2, STM32Cube_FW_L4_V1.18.2, STM32Cube_FW_L5_V1.6.0, STM32Cube_FW_N6_V1.3.0, STM32Cube_FW_U0_V1.3.0, STM32Cube_FW_U3_V1.3.0, STM32Cube_FW_U5_V1.8.0, STM32Cube_FW_WB0_V1.4.0, STM32Cube_FW_WBA_V1.9.0, STM32Cube_FW_WB_V1.24.0, STM32Cube_FW_WL3_V1.4.0, STM32Cube_FW_WL_V1.5.0, X-CUBE-ALGOBUILD_V1.4.0, X-CUBE-ALS_V1.0.2, X-CUBE-AZRTOS-F4_V1.1.0, X-CUBE-AZRTOS-F7_V1.1.0, X-CUBE-AZRTOS-G0_V1.1.0, X-CUBE-AZRTOS-G4_V2.0.0, X-CUBE-AZRTOS-H7RS_V1.1.0, X-CUBE-AZRTOS-H7_V3.5.0, X-CUBE-AZRTOS-L4_V2.0.0, X-CUBE-AZRTOS-L5_V2.0.0, X-CUBE-AZRTOS-WB_V2.0.0, X-CUBE-AZRTOS-WL_V2.0.0, X-CUBE-BLE1_V7.1.0, X-CUBE-BLE2_V3.3.0, X-CUBE-BLEMGR_V4.1.0, X-CUBE-EEPRMA1_V5.2.0, X-CUBE-FREERTOS_V1.5.0, X-CUBE-GNSS1_V6.0.0, X-CUBE-MEMS1_V12.0.0, X-CUBE-NFC4_V3.0.0, X-CUBE-NFC7_V2.0.0, X-CUBE-SFXS2LP1_V4.0.0, X-CUBE-ST67W61_V1.2.0, X-CUBE-SUBG2_V5.0.0, X-CUBE-TOF1_V3.4.3]
2026-05-10 21:18:01,330 [INFO] ApiDb:240 - Found 880 in-development CPN: [B-G473E-ZEST1S, B-WB1M-WPAN1, B-WBA5M-WPAN, B-WL5M-SUBG1, NUCLEO-C031C6, NUCLEO-C051C8, NUCLEO-C071RB, NUCLEO-C092RC, NUCLEO-H503RB, NUCLEO-H533RE, NUCLEO-H563ZI, NUCLEO-H7S3L8, NUCLEO-N657X0-Q, NUCLEO-U031R8, NUCLEO-U083RC, NUCLEO-U385RG-Q, NUCLEO-U545RE-Q, NUCLEO-U5A5ZJ-Q, NUCLEO-WB05KZ, NUCLEO-WB07CC, NUCLEO-WB09KE, NUCLEO-WBA52CG, NUCLEO-WBA55CG, NUCLEO-WL33CC1, NUCLEO-WL33CC2, STEVAL-PROTEUS1, STEVAL-SMARTAG2, STEVAL-STWINBX1, STM320518-EVAL, STM32C0116-DK, STM32C011D6Y3TR, STM32C011D6Y6TR, STM32C011F4P3, STM32C011F4P6, STM32C011F4U3, STM32C011F4U6TR, STM32C011F6P3, STM32C011F6P6, STM32C011F6U3, STM32C011F6U6TR, STM32C011J4M3, STM32C011J4M6, STM32C011J6M3, STM32C011J6M6, STM32C0316-DK, STM32C031C4T3, STM32C031C4T6, STM32C031C4U3, STM32C031C4U6, STM32C031C6T3, STM32C031C6T6, STM32C031C6U3, STM32C031C6U6, STM32C031F4P3, STM32C031F4P6, STM32C031F6P3, STM32C031F6P6, STM32C031G4U3, STM32C031G4U6, STM32C031G6U3, STM32C031G6U6, STM32C031K4T3, STM32C031K4T6, STM32C031K4U3, STM32C031K4U6, STM32C031K6T3, STM32C031K6T6, STM32C031K6U3, STM32C031K6U6, STM32C051C6T6, STM32C051C6U6, STM32C051C8T6, STM32C051C8U6, STM32C051D8Y6TR, STM32C051F6P6, STM32C051F8P6, STM32C051G6U6, STM32C051G8U6, STM32C051K6T6, STM32C051K6U6, STM32C051K8T6, STM32C071C8T6, STM32C071C8T6N, STM32C071C8U6, STM32C071C8U6N, STM32C071CBT6, STM32C071CBT6N, STM32C071CBU6, STM32C071CBU6N, STM32C071F8P6, STM32C071F8P6N, STM32C071FBP6, STM32C071FBP6N, STM32C071FBY6TR, STM32C071G8U6, STM32C071G8U6N, STM32C071GBU6, STM32C071GBU6N, STM32C071K8T6, STM32C071K8T6N, STM32C071K8U6, STM32C071K8U6N, STM32C071KBT6, STM32C071KBT6N, STM32C071KBU6, STM32C071KBU6N, STM32C071R8T6, STM32C071R8T6N, STM32C071RBI6N, STM32C071RBT6, STM32C071RBT6N, STM32C091CBT6, STM32C091CBU6, STM32C091CCT6, STM32C091CCU6, STM32C091ECY6TR, STM32C091FBP6, STM32C091FCP6, STM32C091GBU6, STM32C091GCU6, STM32C091KBT6, STM32C091KBU6, STM32C091KCT6, STM32C091KCU6, STM32C091RBT6, STM32C091RCI6, STM32C091RCT6, STM32C092CBT6, STM32C092CBU6, STM32C092CCT6, STM32C092CCU6, STM32C092ECY6TR, STM32C092FBP6, STM32C092FCP6, STM32C092GBU6, STM32C092GCU6, STM32C092KBT6, STM32C092KBU6, STM32C092KCT6, STM32C092KCU6, STM32C092RBT6, STM32C092RCI6, STM32C092RCT6, STM32G071K8TXN, STM32G071K8UXN, STM32G081GBU6N, STM32G081KBT6N, STM32G081KBUXN, STM32G0B1CCT6N, STM32G0B1KCT6, STM32G0B1NEY6TR, STM32G0B1RCT6N, STM32G0C1CCT6, STM32G0C1CCT6N, STM32G0C1CCU6N, STM32G0C1CET6N, STM32G0C1CEU6N, STM32G0C1KCT6, STM32G0C1NEY6TR, STM32G0C1RCI6N, STM32G0C1RCT6N, STM32G0C1REI6N, STM32G0C1RET6N, STM32G0C1VCI6, STM32G0C1VEI6, STM32G411C6T3, STM32G411C6T6, STM32G411C6U3, STM32G411C6U6, STM32G411C8T3, STM32G411C8T6, STM32G411C8U3, STM32G411C8U6, STM32G411CBT3, STM32G411CBT6, STM32G411CBU3, STM32G411CBU6, STM32G411K6T3, STM32G411K6T6, STM32G411K6U3, STM32G411K6U6, STM32G411K8T3, STM32G411K8T6, STM32G411K8U3, STM32G411K8U6, STM32G411KBT3, STM32G411KBT6, STM32G411KBU3, STM32G411KBU6, STM32G411M6T3, STM32G411M6T6, STM32G411M8T3, STM32G411M8T6, STM32G411MBT3, STM32G411MBT6, STM32G411R6T3, STM32G411R6T6, STM32G411R8T3, STM32G411R8T6, STM32G411RBT3, STM32G411RBT6, STM32G414CBT3, STM32G414CBT6, STM32G414CBU3, STM32G414CBU6, STM32G414CCT3, STM32G414CCT6, STM32G414CCU3, STM32G414CCU6, STM32G414MBT3, STM32G414MBT6, STM32G414MCT3, STM32G414MCT6, STM32G414RBT3, STM32G414RBT6, STM32G414RCT3, STM32G414RCT6, STM32G414VBT3, STM32G414VBT6, STM32G414VCT3, STM32G414VCT6, STM32G431CBT3Z, STM32G431RBT3Z, STM32G471CCT6, STM32G471CCU6, STM32G471CET3, STM32G471CET6, STM32G471CEU3, STM32G471CEU6, STM32G471MCT6, STM32G471MET3, STM32G471MET6, STM32G471MEY6TR, STM32G471QCT6, STM32G471QET3, STM32G471RCT6, STM32G471RET3, STM32G471RET6, STM32G471VCH6, STM32G471VCI6, STM32G471VCT6, STM32G471VEH3, STM32G471VEH6, STM32G471VEI3, STM32G471VEI6, STM32G471VET3, STM32G471VET6, STM32G473QET3Z, STM32G473RET3Z, STM32G474CCT6, STM32G491RET3Z, STM32H503CBT6, STM32H503CBU6, STM32H503EBY6TR, STM32H503KBU6, STM32H503RBT6, STM32H523CCT6, STM32H523CCU6, STM32H523CET6, STM32H523CEU6, STM32H523HEY6TR, STM32H523RCT6, STM32H523RET6, STM32H523VCI6, STM32H523VCT6, STM32H523VEI6, STM32H523VET6, STM32H523ZCJ6, STM32H523ZCT6, STM32H523ZEJ6, STM32H523ZET6, STM32H533CET6, STM32H533CEU6, STM32H533HEY6TR, STM32H533RET6, STM32H533VEI6, STM32H533VET6, STM32H533ZEJ6, STM32H533ZET6, STM32H562AGI6, STM32H562AII6, STM32H562IGK6, STM32H562IGT6, STM32H562IIK6, STM32H562IIT6, STM32H562RGT6, STM32H562RGV6, STM32H562RIT6, STM32H562RIV6, STM32H562VGT6, STM32H562VIT6, STM32H562ZGT6, STM32H562ZIT6, STM32H563AGI6, STM32H563AII3Q, STM32H563AII6, STM32H563IGK6, STM32H563IGT6, STM32H563IIK3Q, STM32H563IIK6, STM32H563IIT3Q, STM32H563IIT6, STM32H563MIY3QTR, STM32H563RGT6, STM32H563RGV6, STM32H563RIT6, STM32H563RIV6, STM32H563VGT6, STM32H563VIT3Q, STM32H563VIT6, STM32H563ZGT6, STM32H563ZIT3Q, STM32H563ZIT6, STM32H573AII3Q, STM32H573AII6, STM32H573I-DK, STM32H573IIK3Q, STM32H573IIK6, STM32H573IIT3Q, STM32H573IIT6, STM32H573MIY3QTR, STM32H573RIT6, STM32H573RIV6, STM32H573VIT3Q, STM32H573VIT6, STM32H573ZIT3Q, STM32H573ZIT6, STM32H7R3A8I6, STM32H7R3I8K6, STM32H7R3I8T6, STM32H7R3L8H6, STM32H7R3L8H6H, STM32H7R3R8V6, STM32H7R3V8H6, STM32H7R3V8T6, STM32H7R3V8Y6TR, STM32H7R3Z8J6, STM32H7R3Z8T6, STM32H7R7A8I6, STM32H7R7I8K6, STM32H7R7I8T6, STM32H7R7L8H6, STM32H7R7L8H6H, STM32H7R7Z8J6, STM32H7S3A8I6, STM32H7S3I8K6, STM32H7S3I8T6, STM32H7S3L8H6, STM32H7S3L8H6H, STM32H7S3R8V6, STM32H7S3V8H6, STM32H7S3V8T6, STM32H7S3V8Y6TR, STM32H7S3Z8J6, STM32H7S3Z8T6, STM32H7S78-DK, STM32H7S7A8I6, STM32H7S7I8K6, STM32H7S7I8T6, STM32H7S7L8H6, STM32H7S7L8H6H, STM32H7S7Z8J6, STM32L4R5QGI6STR, STM32MP131AAE3, STM32MP131AAF3, STM32MP131AAG3, STM32MP131CAE3, STM32MP131CAF3, STM32MP131CAG3, STM32MP131DAE7, STM32MP131DAF7, STM32MP131DAG7, STM32MP131FAE7, STM32MP131FAF7, STM32MP131FAG7, STM32MP133AAE3, STM32MP133AAF3, STM32MP133AAG3, STM32MP133CAE3, STM32MP133CAF3, STM32MP133CAG3, STM32MP133DAE7, STM32MP133DAF7, STM32MP133DAG7, STM32MP133FAE7, STM32MP133FAF7, STM32MP133FAG7, STM32MP135AAE3, STM32MP135AAF3, STM32MP135AAG3, STM32MP135CAE3, STM32MP135CAF3, STM32MP135CAG3, STM32MP135DAE7, STM32MP135DAF7, STM32MP135DAG7, STM32MP135F-DK, STM32MP135FAE7, STM32MP135FAF7, STM32MP135FAF7T, STM32MP135FAF7U, STM32MP135FAG7, STM32MP211AAL3, STM32MP211AAM3, STM32MP211AAN3, STM32MP211AAO3, STM32MP211CAL3, STM32MP211CAM3, STM32MP211CAN3, STM32MP211CAO3, STM32MP211DAL3, STM32MP211DAM3, STM32MP211DAN3, STM32MP211DAO3, STM32MP211FAL3, STM32MP211FAM3, STM32MP211FAN3, STM32MP211FAO3, STM32MP213AAL3, STM32MP213AAM3, STM32MP213AAN3, STM32MP213AAO3, STM32MP213CAL3, STM32MP213CAM3, STM32MP213CAN3, STM32MP213CAO3, STM32MP213DAL3, STM32MP213DAM3, STM32MP213DAN3, STM32MP213DAO3, STM32MP213FAL3, STM32MP213FAM3, STM32MP213FAN3, STM32MP213FAO3, STM32MP215AAL3, STM32MP215AAM3, STM32MP215AAN3, STM32MP215AAO3, STM32MP215CAL3, STM32MP215CAM3, STM32MP215CAN3, STM32MP215CAO3, STM32MP215DAL3, STM32MP215DAM3, STM32MP215DAN3, STM32MP215DAO3, STM32MP215F-DK, STM32MP215FAL3, STM32MP215FAM3, STM32MP215FAN3, STM32MP215FAO3, STM32MP231AAJ3, STM32MP231AAK3, STM32MP231AAL3, STM32MP231CAJ3, STM32MP231CAK3, STM32MP231CAL3, STM32MP231DAJ3, STM32MP231DAK3, STM32MP231DAL3, STM32MP231FAJ3, STM32MP231FAK3, STM32MP231FAL3, STM32MP233AAJ3, STM32MP233AAK3, STM32MP233AAL3, STM32MP233CAJ3, STM32MP233CAK3, STM32MP233CAL3, STM32MP233DAJ3, STM32MP233DAK3, STM32MP233DAL3, STM32MP233FAJ3, STM32MP233FAK3, STM32MP233FAL3, STM32MP235AAJ3, STM32MP235AAK3, STM32MP235AAL3, STM32MP235CAJ3, STM32MP235CAK3, STM32MP235CAL3, STM32MP235DAJ3, STM32MP235DAK3, STM32MP235DAL3, STM32MP235FAJ3, STM32MP235FAK3, STM32MP235FAL3, STM32MP251AAI3, STM32MP251AAK3, STM32MP251AAL3, STM32MP251CAI3, STM32MP251CAK3, STM32MP251CAL3, STM32MP251DAI3, STM32MP251DAK3, STM32MP251DAL3, STM32MP251FAI3, STM32MP251FAK3, STM32MP251FAL3, STM32MP253AAI3, STM32MP253AAK3, STM32MP253AAL3, STM32MP253CAI3, STM32MP253CAK3, STM32MP253CAL3, STM32MP253DAI3, STM32MP253DAK3, STM32MP253DAL3, STM32MP253FAI3, STM32MP253FAK3, STM32MP253FAL3, STM32MP255AAI3, STM32MP255AAK3, STM32MP255AAL3, STM32MP255CAI3, STM32MP255CAK3, STM32MP255CAL3, STM32MP255DAI3, STM32MP255DAK3, STM32MP255DAL3, STM32MP255FAI3, STM32MP255FAK3, STM32MP255FAL3, STM32MP257AAI3, STM32MP257AAK3, STM32MP257AAL3, STM32MP257CAI3, STM32MP257CAK3, STM32MP257CAL3, STM32MP257DAI3, STM32MP257DAK3, STM32MP257DAL3, STM32MP257F-DK, STM32MP257F-EV1, STM32MP257FAI3, STM32MP257FAK3, STM32MP257FAL3, STM32N645A0H3Q, STM32N645B0H3Q, STM32N645I0H3Q, STM32N645L0H3Q, STM32N645X0H3Q, STM32N645Z0H3Q, STM32N647A0H3Q, STM32N647B0H3Q, STM32N647I0H3Q, STM32N647L0H3Q, STM32N647X0H3Q, STM32N647Z0H3Q, STM32N655A0H3Q, STM32N655B0H3Q, STM32N655I0H3Q, STM32N655L0H3Q, STM32N655X0H3Q, STM32N655Z0H3Q, STM32N6570-DK, STM32N657A0H3Q, STM32N657B0H3Q, STM32N657I0H3Q, STM32N657L0H3Q, STM32N657X0H3Q, STM32N657Z0H3Q, STM32U031C6T6, STM32U031C6U6, STM32U031C8T6, STM32U031C8U6, STM32U031F4P6, STM32U031F6P6, STM32U031F8P6, STM32U031G6Y6TR, STM32U031G8Y6TR, STM32U031K4U6, STM32U031K6U6, STM32U031K8U6, STM32U031R6I6, STM32U031R6T6, STM32U031R8I6, STM32U031R8T6, STM32U073C8T6, STM32U073C8U6, STM32U073CBT6, STM32U073CBU6, STM32U073CCT6, STM32U073CCU6, STM32U073H8Y6TR, STM32U073HBY6TR, STM32U073HCY6TR, STM32U073K8U6, STM32U073KBU6, STM32U073KCU6, STM32U073M8I6, STM32U073M8T6, STM32U073MBI6, STM32U073MBT6, STM32U073MCI6, STM32U073MCT6, STM32U073R8I6, STM32U073R8T6, STM32U073RBI6, STM32U073RBT6, STM32U073RCI6, STM32U073RCT6, STM32U083C-DK, STM32U083CCT6, STM32U083CCU6, STM32U083HCY6TR, STM32U083KCU6, STM32U083MCI6, STM32U083MCT6, STM32U083RCI6, STM32U083RCT6, STM32U375CET6, STM32U375CET6Q, STM32U375CEU6, STM32U375CEU6Q, STM32U375CEY6QTR, STM32U375CGT6, STM32U375CGT6Q, STM32U375CGU6, STM32U375CGU6Q, STM32U375CGY6QTR, STM32U375KEU6, STM32U375KGU6, STM32U375REI6, STM32U375REI6Q, STM32U375RET6, STM32U375RET6Q, STM32U375REY6GTR, STM32U375REY6QTR, STM32U375RGI6, STM32U375RGI6Q, STM32U375RGT6, STM32U375RGT6Q, STM32U375RGY6GTR, STM32U375RGY6QTR, STM32U375VEI6, STM32U375VEI6Q, STM32U375VET6, STM32U375VET6Q, STM32U375VGI6, STM32U375VGI6Q, STM32U375VGT6, STM32U375VGT6Q, STM32U385CGT6, STM32U385CGT6Q, STM32U385CGU6, STM32U385CGU6Q, STM32U385CGY6QTR, STM32U385KGU6, STM32U385RGI6, STM32U385RGI6Q, STM32U385RGT6, STM32U385RGT6Q, STM32U385RGY6GTR, STM32U385RGY6QTR, STM32U385VGI6, STM32U385VGI6Q, STM32U385VGT6, STM32U385VGT6Q, STM32U535CBT6, STM32U535CBT6Q, STM32U535CBU6, STM32U535CBU6Q, STM32U535CCT6, STM32U535CCT6Q, STM32U535CCU6, STM32U535CCU6Q, STM32U535CET6, STM32U535CET6Q, STM32U535CEU6, STM32U535CEU6Q, STM32U535JEY6QTR, STM32U535NCY6QTR, STM32U535NEY6QTR, STM32U535RBI6, STM32U535RBI6Q, STM32U535RBT6, STM32U535RBT6Q, STM32U535RCI6, STM32U535RCI6Q, STM32U535RCT6, STM32U535RCT6Q, STM32U535REI6, STM32U535REI6Q, STM32U535RET6, STM32U535RET6Q, STM32U535VCI6, STM32U535VCI6Q, STM32U535VCT6, STM32U535VCT6Q, STM32U535VEI6, STM32U535VEI6Q, STM32U535VET6, STM32U535VET6Q, STM32U545CET6, STM32U545CET6Q, STM32U545CEU6, STM32U545CEU6Q, STM32U545JEY6QTR, STM32U545NEY6QTR, STM32U545REI6, STM32U545REI6Q, STM32U545RET6, STM32U545RET6Q, STM32U545VEI6, STM32U545VEI6Q, STM32U545VET6, STM32U545VET6Q, STM32U595AIH6, STM32U595AIH6Q, STM32U595AJH6, STM32U595AJH6Q, STM32U595QII6, STM32U595QII6Q, STM32U595QJI6, STM32U595QJI6Q, STM32U595RIT6, STM32U595RIT6Q, STM32U595RJT6, STM32U595RJT6Q, STM32U595VIT6, STM32U595VIT6Q, STM32U595VJT6, STM32U595VJT6Q, STM32U595ZIT6, STM32U595ZIT6Q, STM32U595ZIY6QTR, STM32U595ZJT6, STM32U595ZJT6Q, STM32U595ZJY6QTR, STM32U599BJY6QTR, STM32U599NIH6Q, STM32U599NJH6Q, STM32U599VIT6Q, STM32U599VJT6, STM32U599VJT6Q, STM32U599ZIT6Q, STM32U599ZIY6QTR, STM32U599ZJT6Q, STM32U599ZJY6QTR, STM32U5A5AJH6, STM32U5A5AJH6Q, STM32U5A5QII3Q , STM32U5A5QJI6, STM32U5A5QJI6Q, STM32U5A5RJT6, STM32U5A5RJT6Q, STM32U5A5VJT6, STM32U5A5VJT6Q, STM32U5A5ZJT6, STM32U5A5ZJT6Q, STM32U5A5ZJY6QTR, STM32U5A9BJY6QTR, STM32U5A9J-DK, STM32U5A9NJH6Q, STM32U5A9VJT6Q, STM32U5A9ZJT6Q, STM32U5A9ZJY6QTR, STM32U5F7VIT6, STM32U5F7VIT6Q, STM32U5F7VJT6, STM32U5F7VJT6Q, STM32U5F9BJY6QTR, STM32U5F9NJH6Q, STM32U5F9VIT6Q, STM32U5F9VJT6Q, STM32U5F9ZIJ6QTR, STM32U5F9ZIT6Q, STM32U5F9ZJJ6QTR, STM32U5F9ZJT6Q, STM32U5G7VJT6, STM32U5G7VJT6Q, STM32U5G9BJY6QTR, STM32U5G9J-DK1, STM32U5G9J-DK2, STM32U5G9NJH6Q, STM32U5G9VJT6Q, STM32U5G9ZJJ6QTR, STM32U5G9ZJT6Q, STM32WB05KZV6TR, STM32WB05KZV7TR, STM32WB05TZF6TR, STM32WB05TZF7TR, STM32WB06CCF6TR, STM32WB06CCF7TR, STM32WB06CCV6TR, STM32WB06CCV7TR, STM32WB06KCV6TR, STM32WB06KCV7TR, STM32WB07CCF6TR, STM32WB07CCF7TR, STM32WB07CCV6TR, STM32WB07CCV7TR, STM32WB07KCV6TR, STM32WB07KCV7TR, STM32WB09KEV6TR, STM32WB09KEV7TR, STM32WB09TEF6TR, STM32WB09TEF7TR, STM32WB1MMCH6, STM32WBA50KGU6, STM32WBA50KGU6TR, STM32WBA52CEU6, STM32WBA52CEU6TR, STM32WBA52CEU7, STM32WBA52CEU7TR, STM32WBA52CGU6, STM32WBA52CGU6TR, STM32WBA52CGU6U, STM32WBA52CGU7, STM32WBA52CGU7TR, STM32WBA52KEU6, STM32WBA52KEU6TR, STM32WBA52KGU6, STM32WBA52KGU6TR, STM32WBA54CEU6, STM32WBA54CEU6TR, STM32WBA54CEU7, STM32WBA54CEU7TR, STM32WBA54CGU6, STM32WBA54CGU6TR, STM32WBA54CGU7, STM32WBA54CGU7TR, STM32WBA54KEU6, STM32WBA54KEU6TR, STM32WBA54KEU7, STM32WBA54KEU7TR, STM32WBA54KGU6, STM32WBA54KGU6TR, STM32WBA54KGU7, STM32WBA54KGU7TR, STM32WBA55CEU6, STM32WBA55CEU6TR, STM32WBA55CEU7, STM32WBA55CEU7TR, STM32WBA55CGU6, STM32WBA55CGU6TR, STM32WBA55CGU6U, STM32WBA55CGU7, STM32WBA55CGU7TR, STM32WBA55G-DK1, STM32WBA55HEF6, STM32WBA55HEF7, STM32WBA55HGF6, STM32WBA55HGF7, STM32WBA55UEI6, STM32WBA55UEI6TR, STM32WBA55UEI7, STM32WBA55UEI7TR, STM32WBA55UGI6, STM32WBA55UGI6TR, STM32WBA55UGI7, STM32WBA55UGI7TR, STM32WBA5MMGH6TR, STM32WBA62MGF6, STM32WBA62MIF6, STM32WBA65MGF7, STM32WBA65MIF6, STM32WBA65MIF7, STM32WL30K8V6, STM32WL30KBV6, STM32WL31C8V6, STM32WL31CBV6, STM32WL31K8V6, STM32WL31KBV6, STM32WL33C8V6, STM32WL33C8V6X, STM32WL33CBV6, STM32WL33CBV6X, STM32WL33CCV6, STM32WL33CCV6A, STM32WL33CCV6X, STM32WL33K8V7, STM32WL33K8V7X, STM32WL33KBV7 , STM32WL33KBV7X, STM32WL33KCV7, STM32WL33KCV7X, STM32WL5MOCH6, STM32WL5MOCH6TR]
2026-05-10 21:18:01,343 [INFO] DbMcus:218 - Found 5086 MCUs, 4968 are supported
2026-05-10 21:18:01,344 [INFO] ApiDb:423 - Load user favorites file /Users/jeffreya181/.stm32cubeide/favorites.mcus.txt: 0 item(s)
2026-05-10 21:18:01,344 [INFO] ApiDb:427 - User favorites MCUs=[]
2026-05-10 21:18:01,344 [INFO] DbMcus:224 - Set 0 / 0 favorites MCUs
2026-05-10 21:18:01,958 [INFO] ApiDb:668 - CubeFinder database Data Model version=2.1
2026-05-10 21:18:01,976 [INFO] ApiDb:669 - CubeFinder database Configuration version=3.0.42
2026-05-10 21:18:01,980 [INFO] ApiDb:670 - CubeFinder database generation date=2026-05-06 (1778060171)
2026-05-10 21:18:01,981 [INFO] ApiDb:671 - CubeFinder database FW Pack versions=[FP-ATR-ASTRA1_V2.0.0, FP-SNS-FLIGHT1_V5.1.0, FP-SNS-MOTENV1_V5.1.0, FP-SNS-MOTENVWB1_V1.5.0, FP-SNS-SMARTAG2_V1.2.0, FP-SNS-STBOX1_V2.1.0, STM32Cube_FW_C0_V1.4.0, STM32Cube_FW_F4_V1.28.3, STM32Cube_FW_F7_V1.17.4, STM32Cube_FW_G0_V1.6.3, STM32Cube_FW_G4_V1.6.2, STM32Cube_FW_H5_V1.6.0, STM32Cube_FW_H7RS_V1.3.0, STM32Cube_FW_H7_V1.13.0, STM32Cube_FW_L0_V1.12.2, STM32Cube_FW_L4_V1.18.2, STM32Cube_FW_L5_V1.6.0, STM32Cube_FW_N6_V1.3.0, STM32Cube_FW_U0_V1.3.0, STM32Cube_FW_U3_V1.3.0, STM32Cube_FW_U5_V1.8.0, STM32Cube_FW_WB0_V1.4.0, STM32Cube_FW_WBA_V1.9.0, STM32Cube_FW_WB_V1.24.0, STM32Cube_FW_WL3_V1.4.0, STM32Cube_FW_WL_V1.5.0, X-CUBE-ALGOBUILD_V1.4.0, X-CUBE-ALS_V1.0.2, X-CUBE-AZRTOS-F4_V1.1.0, X-CUBE-AZRTOS-F7_V1.1.0, X-CUBE-AZRTOS-G0_V1.1.0, X-CUBE-AZRTOS-G4_V2.0.0, X-CUBE-AZRTOS-H7RS_V1.1.0, X-CUBE-AZRTOS-H7_V3.5.0, X-CUBE-AZRTOS-L4_V2.0.0, X-CUBE-AZRTOS-L5_V2.0.0, X-CUBE-AZRTOS-WB_V2.0.0, X-CUBE-AZRTOS-WL_V2.0.0, X-CUBE-BLE1_V7.1.0, X-CUBE-BLE2_V3.3.0, X-CUBE-BLEMGR_V4.1.0, X-CUBE-EEPRMA1_V5.2.0, X-CUBE-FREERTOS_V1.5.0, X-CUBE-GNSS1_V6.0.0, X-CUBE-MEMS1_V12.0.0, X-CUBE-NFC4_V3.0.0, X-CUBE-NFC7_V2.0.0, X-CUBE-SFXS2LP1_V4.0.0, X-CUBE-ST67W61_V1.2.0, X-CUBE-SUBG2_V5.0.0, X-CUBE-TOF1_V3.4.3]
2026-05-10 21:18:02,150 [INFO] DbBoardsSqlite:226 - include board P-NUCLEO-WB55-NUCLEO as a kit item of type 'Nucleo-64'
2026-05-10 21:18:02,152 [INFO] DbBoardsSqlite:226 - include board P-NUCLEO-WB55-USBDONGLE as a kit item of type 'Nucleo USB Dongle'
2026-05-10 21:18:02,152 [INFO] DbBoardsSqlite:226 - include board STEVAL-IDP005V1 as a kit item of type 'Evaluation Board'
2026-05-10 21:18:02,152 [INFO] DbBoardsSqlite:226 - include board STEVAL-IDP005V2 as a kit item of type 'Evaluation Board'
2026-05-10 21:18:02,233 [INFO] ApiDb:240 - Found 880 in-development CPN: [B-G473E-ZEST1S, B-WB1M-WPAN1, B-WBA5M-WPAN, B-WL5M-SUBG1, NUCLEO-C031C6, NUCLEO-C051C8, NUCLEO-C071RB, NUCLEO-C092RC, NUCLEO-H503RB, NUCLEO-H533RE, NUCLEO-H563ZI, NUCLEO-H7S3L8, NUCLEO-N657X0-Q, NUCLEO-U031R8, NUCLEO-U083RC, NUCLEO-U385RG-Q, NUCLEO-U545RE-Q, NUCLEO-U5A5ZJ-Q, NUCLEO-WB05KZ, NUCLEO-WB07CC, NUCLEO-WB09KE, NUCLEO-WBA52CG, NUCLEO-WBA55CG, NUCLEO-WL33CC1, NUCLEO-WL33CC2, STEVAL-PROTEUS1, STEVAL-SMARTAG2, STEVAL-STWINBX1, STM320518-EVAL, STM32C0116-DK, STM32C011D6Y3TR, STM32C011D6Y6TR, STM32C011F4P3, STM32C011F4P6, STM32C011F4U3, STM32C011F4U6TR, STM32C011F6P3, STM32C011F6P6, STM32C011F6U3, STM32C011F6U6TR, STM32C011J4M3, STM32C011J4M6, STM32C011J6M3, STM32C011J6M6, STM32C0316-DK, STM32C031C4T3, STM32C031C4T6, STM32C031C4U3, STM32C031C4U6, STM32C031C6T3, STM32C031C6T6, STM32C031C6U3, STM32C031C6U6, STM32C031F4P3, STM32C031F4P6, STM32C031F6P3, STM32C031F6P6, STM32C031G4U3, STM32C031G4U6, STM32C031G6U3, STM32C031G6U6, STM32C031K4T3, STM32C031K4T6, STM32C031K4U3, STM32C031K4U6, STM32C031K6T3, STM32C031K6T6, STM32C031K6U3, STM32C031K6U6, STM32C051C6T6, STM32C051C6U6, STM32C051C8T6, STM32C051C8U6, STM32C051D8Y6TR, STM32C051F6P6, STM32C051F8P6, STM32C051G6U6, STM32C051G8U6, STM32C051K6T6, STM32C051K6U6, STM32C051K8T6, STM32C071C8T6, STM32C071C8T6N, STM32C071C8U6, STM32C071C8U6N, STM32C071CBT6, STM32C071CBT6N, STM32C071CBU6, STM32C071CBU6N, STM32C071F8P6, STM32C071F8P6N, STM32C071FBP6, STM32C071FBP6N, STM32C071FBY6TR, STM32C071G8U6, STM32C071G8U6N, STM32C071GBU6, STM32C071GBU6N, STM32C071K8T6, STM32C071K8T6N, STM32C071K8U6, STM32C071K8U6N, STM32C071KBT6, STM32C071KBT6N, STM32C071KBU6, STM32C071KBU6N, STM32C071R8T6, STM32C071R8T6N, STM32C071RBI6N, STM32C071RBT6, STM32C071RBT6N, STM32C091CBT6, STM32C091CBU6, STM32C091CCT6, STM32C091CCU6, STM32C091ECY6TR, STM32C091FBP6, STM32C091FCP6, STM32C091GBU6, STM32C091GCU6, STM32C091KBT6, STM32C091KBU6, STM32C091KCT6, STM32C091KCU6, STM32C091RBT6, STM32C091RCI6, STM32C091RCT6, STM32C092CBT6, STM32C092CBU6, STM32C092CCT6, STM32C092CCU6, STM32C092ECY6TR, STM32C092FBP6, STM32C092FCP6, STM32C092GBU6, STM32C092GCU6, STM32C092KBT6, STM32C092KBU6, STM32C092KCT6, STM32C092KCU6, STM32C092RBT6, STM32C092RCI6, STM32C092RCT6, STM32G071K8TXN, STM32G071K8UXN, STM32G081GBU6N, STM32G081KBT6N, STM32G081KBUXN, STM32G0B1CCT6N, STM32G0B1KCT6, STM32G0B1NEY6TR, STM32G0B1RCT6N, STM32G0C1CCT6, STM32G0C1CCT6N, STM32G0C1CCU6N, STM32G0C1CET6N, STM32G0C1CEU6N, STM32G0C1KCT6, STM32G0C1NEY6TR, STM32G0C1RCI6N, STM32G0C1RCT6N, STM32G0C1REI6N, STM32G0C1RET6N, STM32G0C1VCI6, STM32G0C1VEI6, STM32G411C6T3, STM32G411C6T6, STM32G411C6U3, STM32G411C6U6, STM32G411C8T3, STM32G411C8T6, STM32G411C8U3, STM32G411C8U6, STM32G411CBT3, STM32G411CBT6, STM32G411CBU3, STM32G411CBU6, STM32G411K6T3, STM32G411K6T6, STM32G411K6U3, STM32G411K6U6, STM32G411K8T3, STM32G411K8T6, STM32G411K8U3, STM32G411K8U6, STM32G411KBT3, STM32G411KBT6, STM32G411KBU3, STM32G411KBU6, STM32G411M6T3, STM32G411M6T6, STM32G411M8T3, STM32G411M8T6, STM32G411MBT3, STM32G411MBT6, STM32G411R6T3, STM32G411R6T6, STM32G411R8T3, STM32G411R8T6, STM32G411RBT3, STM32G411RBT6, STM32G414CBT3, STM32G414CBT6, STM32G414CBU3, STM32G414CBU6, STM32G414CCT3, STM32G414CCT6, STM32G414CCU3, STM32G414CCU6, STM32G414MBT3, STM32G414MBT6, STM32G414MCT3, STM32G414MCT6, STM32G414RBT3, STM32G414RBT6, STM32G414RCT3, STM32G414RCT6, STM32G414VBT3, STM32G414VBT6, STM32G414VCT3, STM32G414VCT6, STM32G431CBT3Z, STM32G431RBT3Z, STM32G471CCT6, STM32G471CCU6, STM32G471CET3, STM32G471CET6, STM32G471CEU3, STM32G471CEU6, STM32G471MCT6, STM32G471MET3, STM32G471MET6, STM32G471MEY6TR, STM32G471QCT6, STM32G471QET3, STM32G471RCT6, STM32G471RET3, STM32G471RET6, STM32G471VCH6, STM32G471VCI6, STM32G471VCT6, STM32G471VEH3, STM32G471VEH6, STM32G471VEI3, STM32G471VEI6, STM32G471VET3, STM32G471VET6, STM32G473QET3Z, STM32G473RET3Z, STM32G474CCT6, STM32G491RET3Z, STM32H503CBT6, STM32H503CBU6, STM32H503EBY6TR, STM32H503KBU6, STM32H503RBT6, STM32H523CCT6, STM32H523CCU6, STM32H523CET6, STM32H523CEU6, STM32H523HEY6TR, STM32H523RCT6, STM32H523RET6, STM32H523VCI6, STM32H523VCT6, STM32H523VEI6, STM32H523VET6, STM32H523ZCJ6, STM32H523ZCT6, STM32H523ZEJ6, STM32H523ZET6, STM32H533CET6, STM32H533CEU6, STM32H533HEY6TR, STM32H533RET6, STM32H533VEI6, STM32H533VET6, STM32H533ZEJ6, STM32H533ZET6, STM32H562AGI6, STM32H562AII6, STM32H562IGK6, STM32H562IGT6, STM32H562IIK6, STM32H562IIT6, STM32H562RGT6, STM32H562RGV6, STM32H562RIT6, STM32H562RIV6, STM32H562VGT6, STM32H562VIT6, STM32H562ZGT6, STM32H562ZIT6, STM32H563AGI6, STM32H563AII3Q, STM32H563AII6, STM32H563IGK6, STM32H563IGT6, STM32H563IIK3Q, STM32H563IIK6, STM32H563IIT3Q, STM32H563IIT6, STM32H563MIY3QTR, STM32H563RGT6, STM32H563RGV6, STM32H563RIT6, STM32H563RIV6, STM32H563VGT6, STM32H563VIT3Q, STM32H563VIT6, STM32H563ZGT6, STM32H563ZIT3Q, STM32H563ZIT6, STM32H573AII3Q, STM32H573AII6, STM32H573I-DK, STM32H573IIK3Q, STM32H573IIK6, STM32H573IIT3Q, STM32H573IIT6, STM32H573MIY3QTR, STM32H573RIT6, STM32H573RIV6, STM32H573VIT3Q, STM32H573VIT6, STM32H573ZIT3Q, STM32H573ZIT6, STM32H7R3A8I6, STM32H7R3I8K6, STM32H7R3I8T6, STM32H7R3L8H6, STM32H7R3L8H6H, STM32H7R3R8V6, STM32H7R3V8H6, STM32H7R3V8T6, STM32H7R3V8Y6TR, STM32H7R3Z8J6, STM32H7R3Z8T6, STM32H7R7A8I6, STM32H7R7I8K6, STM32H7R7I8T6, STM32H7R7L8H6, STM32H7R7L8H6H, STM32H7R7Z8J6, STM32H7S3A8I6, STM32H7S3I8K6, STM32H7S3I8T6, STM32H7S3L8H6, STM32H7S3L8H6H, STM32H7S3R8V6, STM32H7S3V8H6, STM32H7S3V8T6, STM32H7S3V8Y6TR, STM32H7S3Z8J6, STM32H7S3Z8T6, STM32H7S78-DK, STM32H7S7A8I6, STM32H7S7I8K6, STM32H7S7I8T6, STM32H7S7L8H6, STM32H7S7L8H6H, STM32H7S7Z8J6, STM32L4R5QGI6STR, STM32MP131AAE3, STM32MP131AAF3, STM32MP131AAG3, STM32MP131CAE3, STM32MP131CAF3, STM32MP131CAG3, STM32MP131DAE7, STM32MP131DAF7, STM32MP131DAG7, STM32MP131FAE7, STM32MP131FAF7, STM32MP131FAG7, STM32MP133AAE3, STM32MP133AAF3, STM32MP133AAG3, STM32MP133CAE3, STM32MP133CAF3, STM32MP133CAG3, STM32MP133DAE7, STM32MP133DAF7, STM32MP133DAG7, STM32MP133FAE7, STM32MP133FAF7, STM32MP133FAG7, STM32MP135AAE3, STM32MP135AAF3, STM32MP135AAG3, STM32MP135CAE3, STM32MP135CAF3, STM32MP135CAG3, STM32MP135DAE7, STM32MP135DAF7, STM32MP135DAG7, STM32MP135F-DK, STM32MP135FAE7, STM32MP135FAF7, STM32MP135FAF7T, STM32MP135FAF7U, STM32MP135FAG7, STM32MP211AAL3, STM32MP211AAM3, STM32MP211AAN3, STM32MP211AAO3, STM32MP211CAL3, STM32MP211CAM3, STM32MP211CAN3, STM32MP211CAO3, STM32MP211DAL3, STM32MP211DAM3, STM32MP211DAN3, STM32MP211DAO3, STM32MP211FAL3, STM32MP211FAM3, STM32MP211FAN3, STM32MP211FAO3, STM32MP213AAL3, STM32MP213AAM3, STM32MP213AAN3, STM32MP213AAO3, STM32MP213CAL3, STM32MP213CAM3, STM32MP213CAN3, STM32MP213CAO3, STM32MP213DAL3, STM32MP213DAM3, STM32MP213DAN3, STM32MP213DAO3, STM32MP213FAL3, STM32MP213FAM3, STM32MP213FAN3, STM32MP213FAO3, STM32MP215AAL3, STM32MP215AAM3, STM32MP215AAN3, STM32MP215AAO3, STM32MP215CAL3, STM32MP215CAM3, STM32MP215CAN3, STM32MP215CAO3, STM32MP215DAL3, STM32MP215DAM3, STM32MP215DAN3, STM32MP215DAO3, STM32MP215F-DK, STM32MP215FAL3, STM32MP215FAM3, STM32MP215FAN3, STM32MP215FAO3, STM32MP231AAJ3, STM32MP231AAK3, STM32MP231AAL3, STM32MP231CAJ3, STM32MP231CAK3, STM32MP231CAL3, STM32MP231DAJ3, STM32MP231DAK3, STM32MP231DAL3, STM32MP231FAJ3, STM32MP231FAK3, STM32MP231FAL3, STM32MP233AAJ3, STM32MP233AAK3, STM32MP233AAL3, STM32MP233CAJ3, STM32MP233CAK3, STM32MP233CAL3, STM32MP233DAJ3, STM32MP233DAK3, STM32MP233DAL3, STM32MP233FAJ3, STM32MP233FAK3, STM32MP233FAL3, STM32MP235AAJ3, STM32MP235AAK3, STM32MP235AAL3, STM32MP235CAJ3, STM32MP235CAK3, STM32MP235CAL3, STM32MP235DAJ3, STM32MP235DAK3, STM32MP235DAL3, STM32MP235FAJ3, STM32MP235FAK3, STM32MP235FAL3, STM32MP251AAI3, STM32MP251AAK3, STM32MP251AAL3, STM32MP251CAI3, STM32MP251CAK3, STM32MP251CAL3, STM32MP251DAI3, STM32MP251DAK3, STM32MP251DAL3, STM32MP251FAI3, STM32MP251FAK3, STM32MP251FAL3, STM32MP253AAI3, STM32MP253AAK3, STM32MP253AAL3, STM32MP253CAI3, STM32MP253CAK3, STM32MP253CAL3, STM32MP253DAI3, STM32MP253DAK3, STM32MP253DAL3, STM32MP253FAI3, STM32MP253FAK3, STM32MP253FAL3, STM32MP255AAI3, STM32MP255AAK3, STM32MP255AAL3, STM32MP255CAI3, STM32MP255CAK3, STM32MP255CAL3, STM32MP255DAI3, STM32MP255DAK3, STM32MP255DAL3, STM32MP255FAI3, STM32MP255FAK3, STM32MP255FAL3, STM32MP257AAI3, STM32MP257AAK3, STM32MP257AAL3, STM32MP257CAI3, STM32MP257CAK3, STM32MP257CAL3, STM32MP257DAI3, STM32MP257DAK3, STM32MP257DAL3, STM32MP257F-DK, STM32MP257F-EV1, STM32MP257FAI3, STM32MP257FAK3, STM32MP257FAL3, STM32N645A0H3Q, STM32N645B0H3Q, STM32N645I0H3Q, STM32N645L0H3Q, STM32N645X0H3Q, STM32N645Z0H3Q, STM32N647A0H3Q, STM32N647B0H3Q, STM32N647I0H3Q, STM32N647L0H3Q, STM32N647X0H3Q, STM32N647Z0H3Q, STM32N655A0H3Q, STM32N655B0H3Q, STM32N655I0H3Q, STM32N655L0H3Q, STM32N655X0H3Q, STM32N655Z0H3Q, STM32N6570-DK, STM32N657A0H3Q, STM32N657B0H3Q, STM32N657I0H3Q, STM32N657L0H3Q, STM32N657X0H3Q, STM32N657Z0H3Q, STM32U031C6T6, STM32U031C6U6, STM32U031C8T6, STM32U031C8U6, STM32U031F4P6, STM32U031F6P6, STM32U031F8P6, STM32U031G6Y6TR, STM32U031G8Y6TR, STM32U031K4U6, STM32U031K6U6, STM32U031K8U6, STM32U031R6I6, STM32U031R6T6, STM32U031R8I6, STM32U031R8T6, STM32U073C8T6, STM32U073C8U6, STM32U073CBT6, STM32U073CBU6, STM32U073CCT6, STM32U073CCU6, STM32U073H8Y6TR, STM32U073HBY6TR, STM32U073HCY6TR, STM32U073K8U6, STM32U073KBU6, STM32U073KCU6, STM32U073M8I6, STM32U073M8T6, STM32U073MBI6, STM32U073MBT6, STM32U073MCI6, STM32U073MCT6, STM32U073R8I6, STM32U073R8T6, STM32U073RBI6, STM32U073RBT6, STM32U073RCI6, STM32U073RCT6, STM32U083C-DK, STM32U083CCT6, STM32U083CCU6, STM32U083HCY6TR, STM32U083KCU6, STM32U083MCI6, STM32U083MCT6, STM32U083RCI6, STM32U083RCT6, STM32U375CET6, STM32U375CET6Q, STM32U375CEU6, STM32U375CEU6Q, STM32U375CEY6QTR, STM32U375CGT6, STM32U375CGT6Q, STM32U375CGU6, STM32U375CGU6Q, STM32U375CGY6QTR, STM32U375KEU6, STM32U375KGU6, STM32U375REI6, STM32U375REI6Q, STM32U375RET6, STM32U375RET6Q, STM32U375REY6GTR, STM32U375REY6QTR, STM32U375RGI6, STM32U375RGI6Q, STM32U375RGT6, STM32U375RGT6Q, STM32U375RGY6GTR, STM32U375RGY6QTR, STM32U375VEI6, STM32U375VEI6Q, STM32U375VET6, STM32U375VET6Q, STM32U375VGI6, STM32U375VGI6Q, STM32U375VGT6, STM32U375VGT6Q, STM32U385CGT6, STM32U385CGT6Q, STM32U385CGU6, STM32U385CGU6Q, STM32U385CGY6QTR, STM32U385KGU6, STM32U385RGI6, STM32U385RGI6Q, STM32U385RGT6, STM32U385RGT6Q, STM32U385RGY6GTR, STM32U385RGY6QTR, STM32U385VGI6, STM32U385VGI6Q, STM32U385VGT6, STM32U385VGT6Q, STM32U535CBT6, STM32U535CBT6Q, STM32U535CBU6, STM32U535CBU6Q, STM32U535CCT6, STM32U535CCT6Q, STM32U535CCU6, STM32U535CCU6Q, STM32U535CET6, STM32U535CET6Q, STM32U535CEU6, STM32U535CEU6Q, STM32U535JEY6QTR, STM32U535NCY6QTR, STM32U535NEY6QTR, STM32U535RBI6, STM32U535RBI6Q, STM32U535RBT6, STM32U535RBT6Q, STM32U535RCI6, STM32U535RCI6Q, STM32U535RCT6, STM32U535RCT6Q, STM32U535REI6, STM32U535REI6Q, STM32U535RET6, STM32U535RET6Q, STM32U535VCI6, STM32U535VCI6Q, STM32U535VCT6, STM32U535VCT6Q, STM32U535VEI6, STM32U535VEI6Q, STM32U535VET6, STM32U535VET6Q, STM32U545CET6, STM32U545CET6Q, STM32U545CEU6, STM32U545CEU6Q, STM32U545JEY6QTR, STM32U545NEY6QTR, STM32U545REI6, STM32U545REI6Q, STM32U545RET6, STM32U545RET6Q, STM32U545VEI6, STM32U545VEI6Q, STM32U545VET6, STM32U545VET6Q, STM32U595AIH6, STM32U595AIH6Q, STM32U595AJH6, STM32U595AJH6Q, STM32U595QII6, STM32U595QII6Q, STM32U595QJI6, STM32U595QJI6Q, STM32U595RIT6, STM32U595RIT6Q, STM32U595RJT6, STM32U595RJT6Q, STM32U595VIT6, STM32U595VIT6Q, STM32U595VJT6, STM32U595VJT6Q, STM32U595ZIT6, STM32U595ZIT6Q, STM32U595ZIY6QTR, STM32U595ZJT6, STM32U595ZJT6Q, STM32U595ZJY6QTR, STM32U599BJY6QTR, STM32U599NIH6Q, STM32U599NJH6Q, STM32U599VIT6Q, STM32U599VJT6, STM32U599VJT6Q, STM32U599ZIT6Q, STM32U599ZIY6QTR, STM32U599ZJT6Q, STM32U599ZJY6QTR, STM32U5A5AJH6, STM32U5A5AJH6Q, STM32U5A5QII3Q , STM32U5A5QJI6, STM32U5A5QJI6Q, STM32U5A5RJT6, STM32U5A5RJT6Q, STM32U5A5VJT6, STM32U5A5VJT6Q, STM32U5A5ZJT6, STM32U5A5ZJT6Q, STM32U5A5ZJY6QTR, STM32U5A9BJY6QTR, STM32U5A9J-DK, STM32U5A9NJH6Q, STM32U5A9VJT6Q, STM32U5A9ZJT6Q, STM32U5A9ZJY6QTR, STM32U5F7VIT6, STM32U5F7VIT6Q, STM32U5F7VJT6, STM32U5F7VJT6Q, STM32U5F9BJY6QTR, STM32U5F9NJH6Q, STM32U5F9VIT6Q, STM32U5F9VJT6Q, STM32U5F9ZIJ6QTR, STM32U5F9ZIT6Q, STM32U5F9ZJJ6QTR, STM32U5F9ZJT6Q, STM32U5G7VJT6, STM32U5G7VJT6Q, STM32U5G9BJY6QTR, STM32U5G9J-DK1, STM32U5G9J-DK2, STM32U5G9NJH6Q, STM32U5G9VJT6Q, STM32U5G9ZJJ6QTR, STM32U5G9ZJT6Q, STM32WB05KZV6TR, STM32WB05KZV7TR, STM32WB05TZF6TR, STM32WB05TZF7TR, STM32WB06CCF6TR, STM32WB06CCF7TR, STM32WB06CCV6TR, STM32WB06CCV7TR, STM32WB06KCV6TR, STM32WB06KCV7TR, STM32WB07CCF6TR, STM32WB07CCF7TR, STM32WB07CCV6TR, STM32WB07CCV7TR, STM32WB07KCV6TR, STM32WB07KCV7TR, STM32WB09KEV6TR, STM32WB09KEV7TR, STM32WB09TEF6TR, STM32WB09TEF7TR, STM32WB1MMCH6, STM32WBA50KGU6, STM32WBA50KGU6TR, STM32WBA52CEU6, STM32WBA52CEU6TR, STM32WBA52CEU7, STM32WBA52CEU7TR, STM32WBA52CGU6, STM32WBA52CGU6TR, STM32WBA52CGU6U, STM32WBA52CGU7, STM32WBA52CGU7TR, STM32WBA52KEU6, STM32WBA52KEU6TR, STM32WBA52KGU6, STM32WBA52KGU6TR, STM32WBA54CEU6, STM32WBA54CEU6TR, STM32WBA54CEU7, STM32WBA54CEU7TR, STM32WBA54CGU6, STM32WBA54CGU6TR, STM32WBA54CGU7, STM32WBA54CGU7TR, STM32WBA54KEU6, STM32WBA54KEU6TR, STM32WBA54KEU7, STM32WBA54KEU7TR, STM32WBA54KGU6, STM32WBA54KGU6TR, STM32WBA54KGU7, STM32WBA54KGU7TR, STM32WBA55CEU6, STM32WBA55CEU6TR, STM32WBA55CEU7, STM32WBA55CEU7TR, STM32WBA55CGU6, STM32WBA55CGU6TR, STM32WBA55CGU6U, STM32WBA55CGU7, STM32WBA55CGU7TR, STM32WBA55G-DK1, STM32WBA55HEF6, STM32WBA55HEF7, STM32WBA55HGF6, STM32WBA55HGF7, STM32WBA55UEI6, STM32WBA55UEI6TR, STM32WBA55UEI7, STM32WBA55UEI7TR, STM32WBA55UGI6, STM32WBA55UGI6TR, STM32WBA55UGI7, STM32WBA55UGI7TR, STM32WBA5MMGH6TR, STM32WBA62MGF6, STM32WBA62MIF6, STM32WBA65MGF7, STM32WBA65MIF6, STM32WBA65MIF7, STM32WL30K8V6, STM32WL30KBV6, STM32WL31C8V6, STM32WL31CBV6, STM32WL31K8V6, STM32WL31KBV6, STM32WL33C8V6, STM32WL33C8V6X, STM32WL33CBV6, STM32WL33CBV6X, STM32WL33CCV6, STM32WL33CCV6A, STM32WL33CCV6X, STM32WL33K8V7, STM32WL33K8V7X, STM32WL33KBV7 , STM32WL33KBV7X, STM32WL33KCV7, STM32WL33KCV7X, STM32WL5MOCH6, STM32WL5MOCH6TR]
2026-05-10 21:18:02,391 [INFO] BoardInfo:889 - No configuration file found for board NUCLEO-H5E5ZJ
2026-05-10 21:18:02,394 [INFO] DbBoards:161 - Board is not supported: NUCLEO-H5E5ZJ
2026-05-10 21:18:02,442 [INFO] BoardInfo:889 - No configuration file found for board NUCLEO-U3C5ZI-Q
2026-05-10 21:18:02,443 [INFO] DbBoards:161 - Board is not supported: NUCLEO-U3C5ZI-Q
2026-05-10 21:18:02,455 [INFO] BoardInfo:889 - No configuration file found for board NUCLEO-WBA25CE1
2026-05-10 21:18:02,455 [INFO] DbBoards:161 - Board is not supported: NUCLEO-WBA25CE1
2026-05-10 21:18:02,463 [INFO] BoardInfo:889 - No configuration file found for board NUCLEO-WL3RKB1
2026-05-10 21:18:02,463 [INFO] DbBoards:161 - Board is not supported: NUCLEO-WL3RKB1
2026-05-10 21:18:02,464 [INFO] BoardInfo:889 - No configuration file found for board NUCLEO-WL3RKB2
2026-05-10 21:18:02,464 [INFO] DbBoards:161 - Board is not supported: NUCLEO-WL3RKB2
2026-05-10 21:18:02,471 [INFO] BoardInfo:889 - No configuration file found for board P-NUCLEO-WB55
2026-05-10 21:18:02,471 [INFO] DbBoards:161 - Kit is not supported: P-NUCLEO-WB55
2026-05-10 21:18:02,478 [INFO] BoardInfo:889 - No configuration file found for board STEVAL-BFA001V1B
2026-05-10 21:18:02,479 [INFO] DbBoards:161 - Kit is not supported: STEVAL-BFA001V1B
2026-05-10 21:18:02,480 [INFO] BoardInfo:889 - No configuration file found for board STEVAL-BFA001V2B
2026-05-10 21:18:02,480 [INFO] DbBoards:161 - Kit is not supported: STEVAL-BFA001V2B
2026-05-10 21:18:02,569 [INFO] BoardInfo:889 - No configuration file found for board STM32H5F5J-DK
2026-05-10 21:18:02,569 [INFO] DbBoards:161 - Board is not supported: STM32H5F5J-DK
2026-05-10 21:18:02,637 [INFO] DbBoards:168 - Found 218 boards, 209 are supported
2026-05-10 21:18:02,637 [INFO] DbBoards:169 - Found 218 boards, 43 of them is supported for  Bsp
2026-05-10 21:18:02,642 [INFO] ApiDb:423 - Load user favorites file /Users/jeffreya181/.stm32cubeide/favorites.boards.txt: 2 item(s)
2026-05-10 21:18:02,642 [INFO] ApiDb:427 - User favorites Boards=[NUCLEO-G0B1RE, STM32F429I-DISC1]
2026-05-10 21:18:02,642 [INFO] DbBoards:198 - Set 2 / 2 favorites Boards
2026-05-10 21:18:02,643 [INFO] McuFinderGlobals:76 - Set McuFinderConnectedMode to true
2026-05-10 21:18:02,687 [INFO] MultiScanPanel:200 - Auto-refresh data requested => check proxy status ongoing
2026-05-10 21:18:02,692 [INFO] FinderPluginLoader:96 - Searching for filters in installed packs
2026-05-10 21:18:05,085 [INFO] ServerAccessManage:452 - Complete download http(s) 200
2026-05-10 21:18:05,085 [INFO] ServerAccessManage:509 - Download File 
2026-05-10 21:18:05,147 [INFO] LoadUrlFilesThread:185 - End of LoadServerUrlFiles without Thread
2026-05-10 21:18:05,167 [INFO] DetailPanel:341 - Set advertising image to /Users/jeffreya181/STM32Cube/Repository//en.prom-stm32wba2-stm32-nucleo-board-0426.png
2026-05-10 21:18:11,247 [INFO] MultiScanPanel:200 - Auto-refresh data requested => check proxy status ongoing
2026-05-10 21:18:11,665 [INFO] LoadUrlFilesThread:185 - End of LoadServerUrlFiles without Thread
2026-05-10 21:18:11,667 [INFO] DetailPanel:341 - Set advertising image to /Users/jeffreya181/STM32Cube/Repository//en.prom-stm32wba2-stm32-nucleo-board-0426.png
2026-05-10 21:18:11,713 [INFO] DbBoards:642 - Loading board mini-images...
2026-05-10 21:18:14,343 [INFO] DbBoards:665 - Loaded 218 board mini-images
2026-05-10 21:19:36,612 [INFO] BoardResultTable:719 - Mark Board NUCLEO-H753ZI as favorite
2026-05-10 21:19:37,609 [INFO] BoardResultTable:719 - Unmark Board NUCLEO-H753ZI as favorite
2026-05-10 21:19:38,796 [INFO] BoardResultTable:719 - Mark Board NUCLEO-H753ZI as favorite
2026-05-10 21:21:57,416 [INFO] MainUpdater:2872 - connection check result : 10
2026-05-10 21:21:57,418 [INFO] MainUpdater:2872 - connection check result : 10
2026-05-10 21:21:58,052 [INFO] MicroXplorer:468 - Change Database Path : 
2026-05-10 21:21:58,053 [INFO] MicroXplorer:498 - Change Database Version : DB.6.0.150
2026-05-10 21:21:58,061 [WARN] ThirdParty:871 - waiting for thirdparty lock release [close project]
2026-05-10 21:21:58,061 [INFO] ThirdParty:873 - entering critical section [close project]
2026-05-10 21:21:58,067 [INFO] ThirdParty:883 - exiting critical section [close project]
2026-05-10 21:21:58,072 [INFO] PinOutPanel:1589 - setPackage(No Configuration,No Configuration)
2026-05-10 21:21:58,074 [INFO] UtilMem:75 - Begin LoadConfig() Used Memory: 964517320 Bytes (1073741824)
2026-05-10 21:21:58,108 [INFO] MicroXplorer:468 - Change Database Path : 
2026-05-10 21:21:58,109 [INFO] MicroXplorer:498 - Change Database Version : DB.6.0.150
2026-05-10 21:21:58,109 [INFO] OpenFileManager:355 - Change cursor
2026-05-10 21:21:58,266 [INFO] Mcu:2029 - Initializing MCU STM32H753ZITx STM32H753ZITx STM32H753ZIT6
2026-05-10 21:22:04,377 [INFO] Context:786 - Trying to add GPIOservice into a context  which must be forbidden
2026-05-10 21:22:08,236 [INFO] Rule:233 - rule Adapt Old IOC before rework replace old CORTEX_M33/CORTEX_M55 attributes by the new one. is applicable
2026-05-10 21:22:08,245 [INFO] Rule:233 - rule Rename parametre of RCC RCC_APBDBG_DIV2 to RCC_TIMPRES_DIV2 is applicable
2026-05-10 21:22:08,247 [INFO] Rule:233 - rule Rename DIE493 pin PA10 [PA12] -> PA10 is applicable
2026-05-10 21:22:08,247 [INFO] Rule:233 - rule Rename DIE493 pin PA9 [PA11] -> PA9 is applicable
2026-05-10 21:22:08,247 [INFO] Rule:233 - rule Rename DIE492 PartNumber CPN STM32WBA5MJGHx -> STM32WBA5MMGHx is applicable
2026-05-10 21:22:08,247 [INFO] Rule:233 - rule Rename DIE492 PartNumber  Name STM32WBA5MJGHx -> STM32WBA5MMGHx is applicable
2026-05-10 21:22:08,247 [INFO] Rule:233 - rule Rename DIE492 PartNumber UserName STM32WBA5MJGHx -> STM32WBA5MMGHx is applicable
2026-05-10 21:22:08,247 [INFO] Rule:233 - rule Rename DIE492 PartNumber DeviceId STM32WBA5MJGHx -> STM32WBA5MMGHx is applicable
2026-05-10 21:22:08,247 [INFO] Rule:233 - rule Adapt Old IOC CSI. is applicable
2026-05-10 21:22:08,247 [INFO] Rule:233 - rule Adapt Old IOC DCMIPP. is applicable
2026-05-10 21:22:08,247 [INFO] Rule:233 - rule Adapt Old IOC DCMIPP Mode Parallel. is applicable
2026-05-10 21:22:08,247 [INFO] Rule:233 - rule Adapt Old IOC LTDC. is applicable
2026-05-10 21:22:08,247 [INFO] Rule:233 - rule Rename STM32MP2 RIF Peripheral LTDC RIF.RISUP.LTDC_L0L1.Privilege -> RIF.RISUP.LTDC_L1L2.Privilege is applicable
2026-05-10 21:22:08,247 [INFO] Rule:233 - rule Rename STM32MP2 RIF Peripheral LTDC RIF.RISUP.LTDC_L0L1.Privilege -> RIF.RISUP.LTDC_L1L2.Privilege is applicable
2026-05-10 21:22:08,247 [INFO] Rule:233 - rule Rename STM32MP2 RIF Peripheral LTDC RIF.RISUP.LTDC_L0L1.Lock -> RIF.RISUP.LTDC_L1L2.Lock is applicable
2026-05-10 21:22:08,247 [INFO] Rule:233 - rule Rename STM32MP2 RIF Peripheral LTDC RIF.RISUP.LTDC_L2.Lock -> RIF.RISUP.LTDC_L3.Lock is applicable
2026-05-10 21:22:08,247 [INFO] Rule:233 - rule Adapt the old IOC example for updating the SYS when it is misconfigured. is applicable
2026-05-10 21:22:08,247 [INFO] Rule:233 - rule Rename STM32C09 Mcu.Package LQFP64 -> LQFP48 is applicable
2026-05-10 21:22:08,247 [INFO] Rule:233 - rule Adapt the old IOC example for updating the SYS when it is misconfigured. is applicable
2026-05-10 21:22:08,247 [INFO] Rule:233 - rule Adapt the old IOC example for updating the SYS when it is misconfigured. is applicable
2026-05-10 21:22:08,258 [INFO] DbConfProperties:307 - Apply Compatibility (4/20 Rules)
2026-05-10 21:22:08,455 [INFO] ApiDbMcu:532 - Load IP Config File for NUCLEO-H753ZI
2026-05-10 21:22:08,914 [INFO] ImportTextPane:234 - (OptionalMessage_ERROR) Pin11 (VP_RIF_VS_RIF1) cannot be retrieved for this MCU
2026-05-10 21:22:09,745 [INFO] RtosManager:558 - Registered RTOS mode: class=CMSIS, group=RTOS, mode=CMSIS_V1, owner=FREERTOS
2026-05-10 21:22:09,748 [INFO] RtosManager:558 - Registered RTOS mode: class=CMSIS, group=RTOS2, mode=CMSIS_V2, owner=FREERTOS
2026-05-10 21:22:09,748 [INFO] RtosManager:558 - Registered RTOS mode: class=RTOS, group=Core, mode=CMSIS_V1, owner=FREERTOS
2026-05-10 21:22:09,748 [INFO] RtosManager:558 - Registered RTOS mode: class=RTOS, group=Core, mode=CMSIS_V2, owner=FREERTOS
2026-05-10 21:22:09,749 [WARN] ModelIntegratedComponent:184 - Missing modes for component STMicroelectronics:FreeRTOS:0.0.1:STMicroelectronics:RTOS:FreeRTOS:Core:::10.2.0:
2026-05-10 21:22:09,772 [WARN] ModelIntegratedComponent:63 - No mode defined for component null
2026-05-10 21:22:09,772 [WARN] ModelIntegratedComponent:63 - No mode defined for component null
2026-05-10 21:22:09,772 [WARN] ModelIntegratedComponent:63 - No mode defined for component null
2026-05-10 21:22:09,772 [WARN] ModelIntegratedComponent:63 - No mode defined for component null
2026-05-10 21:22:09,772 [WARN] ModelIntegratedComponent:63 - No mode defined for component null
2026-05-10 21:22:09,772 [WARN] ModelIntegratedComponent:63 - No mode defined for component null
2026-05-10 21:22:09,772 [WARN] ModelIntegratedComponent:63 - No mode defined for component null
2026-05-10 21:22:09,773 [WARN] ModelIntegratedComponent:63 - No mode defined for component null
2026-05-10 21:22:09,773 [WARN] ModelIntegratedComponent:63 - No mode defined for component null
2026-05-10 21:22:09,773 [WARN] ModelIntegratedComponent:63 - No mode defined for component null
2026-05-10 21:22:09,773 [WARN] ModelIntegratedComponent:63 - No mode defined for component null
2026-05-10 21:22:09,774 [WARN] ModelIntegratedComponent:63 - No mode defined for component null
2026-05-10 21:22:09,774 [WARN] ModelIntegratedComponent:63 - No mode defined for component null
2026-05-10 21:22:09,774 [WARN] ModelIntegratedComponent:63 - No mode defined for component null
2026-05-10 21:22:09,774 [WARN] ModelIntegratedComponent:63 - No mode defined for component null
2026-05-10 21:22:09,775 [WARN] ModelIntegratedComponent:63 - No mode defined for component null
2026-05-10 21:22:09,775 [WARN] ModelIntegratedComponent:63 - No mode defined for component null
2026-05-10 21:22:09,776 [WARN] ModelIntegratedComponent:63 - No mode defined for component null
2026-05-10 21:22:09,776 [WARN] ModelIntegratedComponent:63 - No mode defined for component null
2026-05-10 21:22:09,776 [WARN] ModelIntegratedComponent:63 - No mode defined for component null
2026-05-10 21:22:09,776 [WARN] ModelIntegratedComponent:63 - No mode defined for component null
2026-05-10 21:22:09,776 [WARN] ModelIntegratedComponent:63 - No mode defined for component null
2026-05-10 21:22:09,776 [WARN] ModelIntegratedComponent:63 - No mode defined for component null
2026-05-10 21:22:09,776 [WARN] ModelIntegratedComponent:63 - No mode defined for component null
2026-05-10 21:22:09,777 [WARN] ModelIntegratedComponent:63 - No mode defined for component null
2026-05-10 21:22:09,777 [WARN] ModelIntegratedComponent:63 - No mode defined for component null
2026-05-10 21:22:09,777 [WARN] ModelIntegratedComponent:63 - No mode defined for component null
2026-05-10 21:22:09,777 [WARN] ModelIntegratedComponent:63 - No mode defined for component null
2026-05-10 21:22:09,777 [WARN] ModelIntegratedComponent:63 - No mode defined for component null
2026-05-10 21:22:09,777 [WARN] ModelIntegratedComponent:63 - No mode defined for component null
2026-05-10 21:22:09,777 [WARN] ModelIntegratedComponent:63 - No mode defined for component null
2026-05-10 21:22:09,778 [WARN] ModelIntegratedComponent:63 - No mode defined for component null
2026-05-10 21:22:09,778 [WARN] ModelIntegratedComponent:63 - No mode defined for component null
2026-05-10 21:22:09,779 [WARN] ModelIntegratedComponent:63 - No mode defined for component null
2026-05-10 21:22:09,779 [WARN] ModelIntegratedComponent:63 - No mode defined for component null
2026-05-10 21:22:09,779 [WARN] ModelPack:524 - Component already loaded: STMicroelectronics:HAL Drivers:0.0.0:STMicroelectronics:Device:STMicro_Driver:XSPI:HAL::0.0.1:HAL_XSPI
2026-05-10 21:22:10,806 [INFO] ThirdPartyModel:298 - Start build external matchings
2026-05-10 21:22:15,118 [INFO] ThirdPartyModel:316 - End build external matchings
2026-05-10 21:22:16,237 [INFO] UtilMem:75 - End LoadConfig() Used Memory: 941668880 Bytes (1073741824)
2026-05-10 21:30:00,810 [INFO] BspBoardWizard:580 - Analytics plugin initialized with success
2026-05-10 21:30:00,853 [INFO] BspBoardWizard:580 - Analytics plugin initialized with success
2026-05-10 21:30:00,859 [INFO] BspBoardWizard:580 - Analytics plugin initialized with success
2026-05-10 21:30:06,567 [INFO] MainUpdater:2872 - connection check result : 10
2026-05-10 21:30:06,568 [INFO] MainUpdater:2872 - connection check result : 10
2026-05-10 21:30:07,094 [INFO] MicroXplorer:468 - Change Database Path : 
2026-05-10 21:30:07,096 [INFO] MicroXplorer:498 - Change Database Version : DB.6.0.150
2026-05-10 21:30:07,096 [WARN] ThirdParty:871 - waiting for thirdparty lock release [close project]
2026-05-10 21:30:07,096 [INFO] ThirdParty:873 - entering critical section [close project]
2026-05-10 21:30:07,096 [INFO] ThirdParty:883 - exiting critical section [close project]
2026-05-10 21:30:07,101 [INFO] PinOutPanel:1589 - setPackage(No Configuration,No Configuration)
2026-05-10 21:30:07,103 [INFO] UtilMem:75 - Begin LoadConfig() Used Memory: 722445904 Bytes (1073741824)
2026-05-10 21:30:07,171 [INFO] MicroXplorer:468 - Change Database Path : 
2026-05-10 21:30:07,171 [INFO] MicroXplorer:498 - Change Database Version : DB.6.0.150
2026-05-10 21:30:07,171 [INFO] OpenFileManager:355 - Change cursor
2026-05-10 21:30:07,270 [INFO] Mcu:2029 - Initializing MCU STM32H753ZITx STM32H753ZITx STM32H753ZIT6
2026-05-10 21:30:11,674 [INFO] Context:786 - Trying to add GPIOservice into a context  which must be forbidden
2026-05-10 21:30:15,109 [INFO] Rule:233 - rule Adapt Old IOC before rework replace old CORTEX_M33/CORTEX_M55 attributes by the new one. is applicable
2026-05-10 21:30:15,124 [INFO] Rule:233 - rule Rename parametre of RCC RCC_APBDBG_DIV2 to RCC_TIMPRES_DIV2 is applicable
2026-05-10 21:30:15,126 [INFO] Rule:233 - rule Rename DIE493 pin PA10 [PA12] -> PA10 is applicable
2026-05-10 21:30:15,126 [INFO] Rule:233 - rule Rename DIE493 pin PA9 [PA11] -> PA9 is applicable
2026-05-10 21:30:15,126 [INFO] Rule:233 - rule Rename DIE492 PartNumber CPN STM32WBA5MJGHx -> STM32WBA5MMGHx is applicable
2026-05-10 21:30:15,126 [INFO] Rule:233 - rule Rename DIE492 PartNumber  Name STM32WBA5MJGHx -> STM32WBA5MMGHx is applicable
2026-05-10 21:30:15,126 [INFO] Rule:233 - rule Rename DIE492 PartNumber UserName STM32WBA5MJGHx -> STM32WBA5MMGHx is applicable
2026-05-10 21:30:15,126 [INFO] Rule:233 - rule Rename DIE492 PartNumber DeviceId STM32WBA5MJGHx -> STM32WBA5MMGHx is applicable
2026-05-10 21:30:15,126 [INFO] Rule:233 - rule Adapt Old IOC CSI. is applicable
2026-05-10 21:30:15,126 [INFO] Rule:233 - rule Adapt Old IOC DCMIPP. is applicable
2026-05-10 21:30:15,126 [INFO] Rule:233 - rule Adapt Old IOC DCMIPP Mode Parallel. is applicable
2026-05-10 21:30:15,127 [INFO] Rule:233 - rule Adapt Old IOC LTDC. is applicable
2026-05-10 21:30:15,127 [INFO] Rule:233 - rule Rename STM32MP2 RIF Peripheral LTDC RIF.RISUP.LTDC_L0L1.Privilege -> RIF.RISUP.LTDC_L1L2.Privilege is applicable
2026-05-10 21:30:15,127 [INFO] Rule:233 - rule Rename STM32MP2 RIF Peripheral LTDC RIF.RISUP.LTDC_L0L1.Privilege -> RIF.RISUP.LTDC_L1L2.Privilege is applicable
2026-05-10 21:30:15,127 [INFO] Rule:233 - rule Rename STM32MP2 RIF Peripheral LTDC RIF.RISUP.LTDC_L0L1.Lock -> RIF.RISUP.LTDC_L1L2.Lock is applicable
2026-05-10 21:30:15,127 [INFO] Rule:233 - rule Rename STM32MP2 RIF Peripheral LTDC RIF.RISUP.LTDC_L2.Lock -> RIF.RISUP.LTDC_L3.Lock is applicable
2026-05-10 21:30:15,127 [INFO] Rule:233 - rule Adapt the old IOC example for updating the SYS when it is misconfigured. is applicable
2026-05-10 21:30:15,127 [INFO] Rule:233 - rule Rename STM32C09 Mcu.Package LQFP64 -> LQFP48 is applicable
2026-05-10 21:30:15,127 [INFO] Rule:233 - rule Adapt the old IOC example for updating the SYS when it is misconfigured. is applicable
2026-05-10 21:30:15,127 [INFO] Rule:233 - rule Adapt the old IOC example for updating the SYS when it is misconfigured. is applicable
2026-05-10 21:30:15,133 [INFO] DbConfProperties:307 - Apply Compatibility (4/20 Rules)
2026-05-10 21:30:15,224 [INFO] ApiDbMcu:532 - Load IP Config File for NUCLEO-H753ZI
2026-05-10 21:30:15,400 [INFO] ImportTextPane:234 - (OptionalMessage_ERROR) Pin11 (VP_RIF_VS_RIF1) cannot be retrieved for this MCU
2026-05-10 21:30:15,737 [INFO] RtosManager:558 - Registered RTOS mode: class=CMSIS, group=RTOS, mode=CMSIS_V1, owner=FREERTOS
2026-05-10 21:30:15,748 [INFO] RtosManager:558 - Registered RTOS mode: class=CMSIS, group=RTOS2, mode=CMSIS_V2, owner=FREERTOS
2026-05-10 21:30:15,750 [INFO] RtosManager:558 - Registered RTOS mode: class=RTOS, group=Core, mode=CMSIS_V1, owner=FREERTOS
2026-05-10 21:30:15,750 [INFO] RtosManager:558 - Registered RTOS mode: class=RTOS, group=Core, mode=CMSIS_V2, owner=FREERTOS
2026-05-10 21:30:15,751 [WARN] ModelIntegratedComponent:184 - Missing modes for component STMicroelectronics:FreeRTOS:0.0.1:STMicroelectronics:RTOS:FreeRTOS:Core:::10.2.0:
2026-05-10 21:30:15,761 [WARN] ModelIntegratedComponent:63 - No mode defined for component null
2026-05-10 21:30:15,761 [WARN] ModelIntegratedComponent:63 - No mode defined for component null
2026-05-10 21:30:15,762 [WARN] ModelIntegratedComponent:63 - No mode defined for component null
2026-05-10 21:30:15,762 [WARN] ModelIntegratedComponent:63 - No mode defined for component null
2026-05-10 21:30:15,762 [WARN] ModelIntegratedComponent:63 - No mode defined for component null
2026-05-10 21:30:15,762 [WARN] ModelIntegratedComponent:63 - No mode defined for component null
2026-05-10 21:30:15,762 [WARN] ModelIntegratedComponent:63 - No mode defined for component null
2026-05-10 21:30:15,762 [WARN] ModelIntegratedComponent:63 - No mode defined for component null
2026-05-10 21:30:15,762 [WARN] ModelIntegratedComponent:63 - No mode defined for component null
2026-05-10 21:30:15,762 [WARN] ModelIntegratedComponent:63 - No mode defined for component null
2026-05-10 21:30:15,762 [WARN] ModelIntegratedComponent:63 - No mode defined for component null
2026-05-10 21:30:15,762 [WARN] ModelIntegratedComponent:63 - No mode defined for component null
2026-05-10 21:30:15,762 [WARN] ModelIntegratedComponent:63 - No mode defined for component null
2026-05-10 21:30:15,762 [WARN] ModelIntegratedComponent:63 - No mode defined for component null
2026-05-10 21:30:15,762 [WARN] ModelIntegratedComponent:63 - No mode defined for component null
2026-05-10 21:30:15,762 [WARN] ModelIntegratedComponent:63 - No mode defined for component null
2026-05-10 21:30:15,762 [WARN] ModelIntegratedComponent:63 - No mode defined for component null
2026-05-10 21:30:15,762 [WARN] ModelIntegratedComponent:63 - No mode defined for component null
2026-05-10 21:30:15,762 [WARN] ModelIntegratedComponent:63 - No mode defined for component null
2026-05-10 21:30:15,762 [WARN] ModelIntegratedComponent:63 - No mode defined for component null
2026-05-10 21:30:15,762 [WARN] ModelIntegratedComponent:63 - No mode defined for component null
2026-05-10 21:30:15,762 [WARN] ModelIntegratedComponent:63 - No mode defined for component null
2026-05-10 21:30:15,762 [WARN] ModelIntegratedComponent:63 - No mode defined for component null
2026-05-10 21:30:15,762 [WARN] ModelIntegratedComponent:63 - No mode defined for component null
2026-05-10 21:30:15,763 [WARN] ModelIntegratedComponent:63 - No mode defined for component null
2026-05-10 21:30:15,763 [WARN] ModelIntegratedComponent:63 - No mode defined for component null
2026-05-10 21:30:15,763 [WARN] ModelIntegratedComponent:63 - No mode defined for component null
2026-05-10 21:30:15,763 [WARN] ModelIntegratedComponent:63 - No mode defined for component null
2026-05-10 21:30:15,763 [WARN] ModelIntegratedComponent:63 - No mode defined for component null
2026-05-10 21:30:15,763 [WARN] ModelIntegratedComponent:63 - No mode defined for component null
2026-05-10 21:30:15,763 [WARN] ModelIntegratedComponent:63 - No mode defined for component null
2026-05-10 21:30:15,763 [WARN] ModelIntegratedComponent:63 - No mode defined for component null
2026-05-10 21:30:15,763 [WARN] ModelIntegratedComponent:63 - No mode defined for component null
2026-05-10 21:30:15,763 [WARN] ModelIntegratedComponent:63 - No mode defined for component null
2026-05-10 21:30:15,763 [WARN] ModelIntegratedComponent:63 - No mode defined for component null
2026-05-10 21:30:15,763 [WARN] ModelPack:524 - Component already loaded: STMicroelectronics:HAL Drivers:0.0.0:STMicroelectronics:Device:STMicro_Driver:XSPI:HAL::0.0.1:HAL_XSPI
2026-05-10 21:30:16,379 [INFO] ThirdPartyModel:298 - Start build external matchings
2026-05-10 21:30:20,405 [INFO] ThirdPartyModel:316 - End build external matchings
2026-05-10 21:30:21,098 [INFO] UtilMem:75 - End LoadConfig() Used Memory: 940110904 Bytes (1073741824)
2026-05-10 21:30:31,095 [INFO] BspBoardWizard:580 - Analytics plugin initialized with success
2026-05-10 21:30:31,129 [INFO] BspBoardWizard:580 - Analytics plugin initialized with success
2026-05-10 21:30:31,131 [INFO] BspBoardWizard:580 - Analytics plugin initialized with success
2026-05-10 21:30:31,370 [WARN] ThirdParty:833 - waiting for thirdparty lock release [change project]
2026-05-10 21:30:31,372 [INFO] ThirdParty:835 - entering critical section [change project]
2026-05-10 21:30:31,396 [INFO] ThirdParty:1030 - CMSIS Pack Vendor :STMicroelectronics X-CUBE-AZRTOS-H7 3.5.0
2026-05-10 21:30:31,397 [INFO] ThirdParty:1030 - CMSIS Pack Vendor :STMicroelectronics X-CUBE-PM33A1 1.0.0
2026-05-10 21:30:31,397 [INFO] ThirdParty:1030 - CMSIS Pack Vendor :STMicroelectronics USBPD 4.1
2026-05-10 21:30:31,397 [INFO] ThirdParty:1030 - CMSIS Pack Vendor :STMicroelectronics X-CUBE-GNSS1 6.0.0
2026-05-10 21:30:31,397 [INFO] ThirdParty:1030 - CMSIS Pack Vendor :STMicroelectronics USB_HOST 2.0.0
2026-05-10 21:30:31,397 [INFO] ThirdParty:1030 - CMSIS Pack Vendor :STMicroelectronics FP-SNS-MOTENVWB1 1.4.0
2026-05-10 21:30:31,397 [INFO] ThirdParty:1030 - CMSIS Pack Vendor :STMicroelectronics X-CUBE-AZRTOS-F4 1.1.0
2026-05-10 21:30:31,397 [INFO] ThirdParty:1030 - CMSIS Pack Vendor :STMicroelectronics LIBJPEG 8.0.0
2026-05-10 21:30:31,397 [INFO] ThirdParty:1030 - CMSIS Pack Vendor :STMicroelectronics FP-ATR-ASTRA1 2.0.2
2026-05-10 21:30:31,397 [INFO] ThirdParty:1030 - CMSIS Pack Vendor :STMicroelectronics FP-ATR-ASTRA1 2.0.1
2026-05-10 21:30:31,397 [INFO] ThirdParty:1030 - CMSIS Pack Vendor :Avnet-IotConnect X-CUBE-IoTC-DA16k-PMOD 1.0.0
2026-05-10 21:30:31,397 [INFO] ThirdParty:1030 - CMSIS Pack Vendor :STMicroelectronics X-CUBE-SMBUS 2.1.0
2026-05-10 21:30:31,397 [INFO] ThirdParty:1030 - CMSIS Pack Vendor :STMicroelectronics X-CUBE-WB05N 1.1.0
2026-05-10 21:30:31,397 [INFO] ThirdParty:1030 - CMSIS Pack Vendor :STMicroelectronics X-CUBE-ISPU 2.1.0
2026-05-10 21:30:31,397 [INFO] ThirdParty:1030 - CMSIS Pack Vendor :STMicroelectronics X-CUBE-IPS 3.2.0
2026-05-10 21:30:31,397 [INFO] ThirdParty:1030 - CMSIS Pack Vendor :STMicroelectronics eDS-WB_DPC_TT-BIDIR 2.1.1
2026-05-10 21:30:31,397 [INFO] ThirdParty:1030 - CMSIS Pack Vendor :STMicroelectronics X-CUBE-FREERTOS 1.2.0
2026-05-10 21:30:31,397 [INFO] ThirdParty:1030 - CMSIS Pack Vendor :wolfSSL I-CUBE-wolfSSL 5.6.6
2026-05-10 21:30:31,397 [INFO] ThirdParty:1030 - CMSIS Pack Vendor :STMicroelectronics X-CUBE-ST60 1.0.0
2026-05-10 21:30:31,397 [INFO] ThirdParty:1030 - CMSIS Pack Vendor :STMicroelectronics X-CUBE-TOUCHGFX 4.23.0
2026-05-10 21:30:31,397 [INFO] ThirdParty:1030 - CMSIS Pack Vendor :STMicroelectronics X-CUBE-NFC12 1.0.0
2026-05-10 21:30:31,397 [INFO] ThirdParty:1030 - CMSIS Pack Vendor :STMicroelectronics X-CUBE-AZRTOS-F7 1.1.0
2026-05-10 21:30:31,398 [INFO] ThirdParty:1030 - CMSIS Pack Vendor :STMicroelectronics X-CUBE-AZRTOS-L5 2.0.0
2026-05-10 21:30:31,398 [INFO] ThirdParty:1030 - CMSIS Pack Vendor :STMicroelectronics USB_DEVICE 2.0.0
2026-05-10 21:30:31,398 [INFO] ThirdParty:1030 - CMSIS Pack Vendor :STMicroelectronics X-CUBE-EEPRMA1 4.2.0
2026-05-10 21:30:31,398 [INFO] ThirdParty:1030 - CMSIS Pack Vendor :STMicroelectronics X-CUBE-NFC6 3.1.0
2026-05-10 21:30:31,398 [INFO] ThirdParty:1030 - CMSIS Pack Vendor :ITTIA_DB I-CUBE-ITTIADB 8.8.0
2026-05-10 21:30:31,398 [INFO] ThirdParty:1030 - CMSIS Pack Vendor :STMicroelectronics FP-SNS-MOTENV1 4.3.2
2026-05-10 21:30:31,398 [INFO] ThirdParty:1030 - CMSIS Pack Vendor :STMicroelectronics X-CUBE-MEMS1 11.0.0
2026-05-10 21:30:31,398 [INFO] ThirdParty:1030 - CMSIS Pack Vendor :STMicroelectronics FP-SNS-MOTENV1 5.1.0
2026-05-10 21:30:31,398 [INFO] ThirdParty:1030 - CMSIS Pack Vendor :STMicroelectronics FreeRTOS 0.0.1
2026-05-10 21:30:31,398 [INFO] ThirdParty:1030 - CMSIS Pack Vendor :STMicroelectronics X-CUBE-DPower 1.2.0
2026-05-10 21:30:31,398 [INFO] ThirdParty:1030 - CMSIS Pack Vendor :STMicroelectronics eDS-WB_DPC_VIENNA 1.2.0
2026-05-10 21:30:31,398 [INFO] ThirdParty:1030 - CMSIS Pack Vendor :STMicroelectronics FP-SNS-FLIGHT1 5.0.2
2026-05-10 21:30:31,398 [INFO] ThirdParty:1030 - CMSIS Pack Vendor :STMicroelectronics eDS-WB_DPC_3PH2L-BIDIR 1.1.1
2026-05-10 21:30:31,398 [INFO] ThirdParty:1030 - CMSIS Pack Vendor :STMicroelectronics X-CUBE-AI 9.0.0
2026-05-10 21:30:31,398 [INFO] ThirdParty:1030 - CMSIS Pack Vendor :STMicroelectronics PDM2PCM 3.3.0
2026-05-10 21:30:31,398 [INFO] ThirdParty:1030 - CMSIS Pack Vendor :STMicroelectronics X-CUBE-AZRTOS-H7 3.4.0
2026-05-10 21:30:31,398 [INFO] ThirdParty:1030 - CMSIS Pack Vendor :STMicroelectronics X-CUBE-DISPLAY 3.0.0
2026-05-10 21:30:31,398 [INFO] ThirdParty:1030 - CMSIS Pack Vendor :STMicroelectronics X-CUBE-GNSS1 7.1.1
2026-05-10 21:30:31,398 [INFO] ThirdParty:1030 - CMSIS Pack Vendor :STMicroelectronics FP-SNS-MOTENVWB1 1.5.0
2026-05-10 21:30:31,398 [INFO] ThirdParty:1030 - CMSIS Pack Vendor :STMicroelectronics X-CUBE-BLE1 7.0.0
2026-05-10 21:30:31,399 [INFO] ThirdParty:1030 - CMSIS Pack Vendor :STMicroelectronics X-CUBE-NFC10 1.0.0
2026-05-10 21:30:31,399 [INFO] ThirdParty:1030 - CMSIS Pack Vendor :STMicroelectronics X-CUBE-BLEMGR 4.0.0
2026-05-10 21:30:31,400 [INFO] ThirdParty:1030 - CMSIS Pack Vendor :STMicroelectronics X-CUBE-FREERTOS 1.3.1
2026-05-10 21:30:31,401 [INFO] ThirdParty:1030 - CMSIS Pack Vendor :STMicroelectronics HAL Drivers 0.0.0
2026-05-10 21:30:31,402 [INFO] ThirdParty:1030 - CMSIS Pack Vendor :STMicroelectronics X-CUBE-ST60 1.1.0
2026-05-10 21:30:31,402 [INFO] ThirdParty:1030 - CMSIS Pack Vendor :emotas I-CUBE-CANOPEN 1.3.0
2026-05-10 21:30:31,403 [INFO] ThirdParty:1030 - CMSIS Pack Vendor :STMicroelectronics X-CUBE-FREERTOS 1.3.0
2026-05-10 21:30:31,403 [INFO] ThirdParty:1030 - CMSIS Pack Vendor :STMicroelectronics X-CUBE-NFC7 1.0.1
2026-05-10 21:30:31,403 [INFO] ThirdParty:1030 - CMSIS Pack Vendor :STMicroelectronics MBEDTLS 2.14.1
2026-05-10 21:30:31,403 [INFO] ThirdParty:1030 - CMSIS Pack Vendor :STMicroelectronics X-CUBE-GNSS1 7.1.0
2026-05-10 21:30:31,403 [INFO] ThirdParty:1030 - CMSIS Pack Vendor :wolfSSL I-CUBE-wolfTPM 3.2.0
2026-05-10 21:30:31,403 [INFO] ThirdParty:1030 - CMSIS Pack Vendor :STMicroelectronics X-CUBE-TOUCHGFX 4.26.0
2026-05-10 21:30:31,403 [INFO] ThirdParty:1030 - CMSIS Pack Vendor :STMicroelectronics X-CUBE-NFC6 3.0.0
2026-05-10 21:30:31,403 [INFO] ThirdParty:1030 - CMSIS Pack Vendor :STMicroelectronics X-CUBE-TOUCHGFX 4.26.1
2026-05-10 21:30:31,404 [INFO] ThirdParty:1030 - CMSIS Pack Vendor :STMicroelectronics X-CUBE-BLEMGR 3.1.0
2026-05-10 21:30:31,404 [INFO] ThirdParty:1030 - CMSIS Pack Vendor :STMicroelectronics X-CUBE-AI 10.0.0
2026-05-10 21:30:31,404 [INFO] ThirdParty:1030 - CMSIS Pack Vendor :STMicroelectronics FP-SNS-STBOX1 2.1.0
2026-05-10 21:30:31,404 [INFO] ThirdParty:1030 - CMSIS Pack Vendor :STMicroelectronics FP-SNS-STAIOTCFT 1.0.0
2026-05-10 21:30:31,404 [INFO] ThirdParty:1030 - CMSIS Pack Vendor :STMicroelectronics FP-SNS-SMARTAG2 1.2.0
2026-05-10 21:30:31,404 [INFO] ThirdParty:1030 - CMSIS Pack Vendor :STMicroelectronics FP-SNS-FLIGHT1 5.1.0
2026-05-10 21:30:31,404 [INFO] ThirdParty:1030 - CMSIS Pack Vendor :STMicroelectronics X-CUBE-MEMS1 11.1.0
2026-05-10 21:30:31,404 [INFO] ThirdParty:1030 - CMSIS Pack Vendor :STMicroelectronics X-CUBE-AZRTOS-WL 2.0.0
2026-05-10 21:30:31,404 [INFO] ThirdParty:1030 - CMSIS Pack Vendor :STMicroelectronics X-CUBE-DPower 1.3.0
2026-05-10 21:30:31,404 [INFO] ThirdParty:1030 - CMSIS Pack Vendor :STMicroelectronics FP-SNS-MOTENV1 5.0.0
2026-05-10 21:30:31,404 [INFO] ThirdParty:1030 - CMSIS Pack Vendor :STMicroelectronics USB_DEVICE 1.0.0
2026-05-10 21:30:31,404 [INFO] ThirdParty:1030 - CMSIS Pack Vendor :STMicroelectronics X-CUBE-AZRTOS-H7RS 1.2.0
2026-05-10 21:30:31,404 [INFO] ThirdParty:1030 - CMSIS Pack Vendor :STMicroelectronics X-CUBE-AI 8.1.0
2026-05-10 21:30:31,404 [INFO] ThirdParty:1030 - CMSIS Pack Vendor :wolfSSL I-CUBE-wolfMQTT 1.19.0
2026-05-10 21:30:31,404 [INFO] ThirdParty:1030 - CMSIS Pack Vendor :STMicroelectronics X-CUBE-AZRTOS-L4 2.0.0
2026-05-10 21:30:31,404 [INFO] ThirdParty:1030 - CMSIS Pack Vendor :STMicroelectronics ThreadX 0.0.2
2026-05-10 21:30:31,404 [INFO] ThirdParty:1030 - CMSIS Pack Vendor :WES I-CUBE-Cesium 1.3.0
2026-05-10 21:30:31,404 [INFO] ThirdParty:1030 - CMSIS Pack Vendor :STMicroelectronics lwIP 2.1.2
2026-05-10 21:30:31,404 [INFO] ThirdParty:1030 - CMSIS Pack Vendor :STMicroelectronics X-CUBE-SFXS2LP1 4.0.0
2026-05-10 21:30:31,404 [INFO] ThirdParty:1030 - CMSIS Pack Vendor :STMicroelectronics X-CUBE-BLE2 3.3.0
2026-05-10 21:30:31,404 [INFO] ThirdParty:1030 - CMSIS Pack Vendor :Avnet-IOTCONNECT X-CUBE-iotc-st67-sdk 1.0.0
2026-05-10 21:30:31,404 [INFO] ThirdParty:1030 - CMSIS Pack Vendor :STMicroelectronics PDM2PCM 3.2.0
2026-05-10 21:30:31,404 [INFO] ThirdParty:1030 - CMSIS Pack Vendor :STMicroelectronics X-CUBE-WB05N 2.1.0
2026-05-10 21:30:31,404 [INFO] ThirdParty:1030 - CMSIS Pack Vendor :STMicroelectronics X-CUBE-ST67W61 1.2.0
2026-05-10 21:30:31,404 [INFO] ThirdParty:1030 - CMSIS Pack Vendor :STMicroelectronics X-CUBE-AZRTOS-H7 3.3.0
2026-05-10 21:30:31,404 [INFO] ThirdParty:1030 - CMSIS Pack Vendor :STMicroelectronics X-CUBE-NFC9 1.0.0
2026-05-10 21:30:31,404 [INFO] ThirdParty:1030 - CMSIS Pack Vendor :STMicroelectronics X-CUBE-BLE1 7.1.0
2026-05-10 21:30:31,404 [INFO] ThirdParty:1030 - CMSIS Pack Vendor :STMicroelectronics USB_DEVICE 3.0.0
2026-05-10 21:30:31,404 [INFO] ThirdParty:1030 - CMSIS Pack Vendor :STMicroelectronics X-CUBE-TCPP 4.1.0
2026-05-10 21:30:31,404 [INFO] ThirdParty:1030 - CMSIS Pack Vendor :STMicroelectronics X-CUBE-FREERTOS 1.4.0
2026-05-10 21:30:31,404 [INFO] ThirdParty:1030 - CMSIS Pack Vendor :STMicroelectronics X-CUBE-EEPRMA1 5.2.0
2026-05-10 21:30:31,404 [INFO] ThirdParty:1030 - CMSIS Pack Vendor :STMicroelectronics X-CUBE-BLEMGR 4.1.0
2026-05-10 21:30:31,404 [INFO] ThirdParty:1030 - CMSIS Pack Vendor :STMicroelectronics X-CUBE-IPS 3.0.0
2026-05-10 21:30:31,404 [INFO] ThirdParty:1030 - CMSIS Pack Vendor :STMicroelectronics X-CUBE-AZRTOS-WB 2.0.0
2026-05-10 21:30:31,404 [INFO] ThirdParty:1030 - CMSIS Pack Vendor :STMicroelectronics X-CUBE-GNSS1 7.0.0
2026-05-10 21:30:31,404 [INFO] ThirdParty:1030 - CMSIS Pack Vendor :STMicroelectronics X-CUBE-GNSS1 7.0.1
2026-05-10 21:30:31,404 [INFO] ThirdParty:1030 - CMSIS Pack Vendor :STMicroelectronics X-CUBE-TOUCHGFX 4.25.0
2026-05-10 21:30:31,404 [INFO] ThirdParty:1030 - CMSIS Pack Vendor :STMicroelectronics X-CUBE-ST67W61 1.1.0
2026-05-10 21:30:31,405 [INFO] ThirdParty:1030 - CMSIS Pack Vendor :STMicroelectronics FP-SNS-STBOX1 2.0.0
2026-05-10 21:30:31,405 [INFO] ThirdParty:1030 - CMSIS Pack Vendor :STMicroelectronics FP-SNS-STAIOTCFT 1.1.0
2026-05-10 21:30:31,405 [INFO] ThirdParty:1030 - CMSIS Pack Vendor :STMicroelectronics X-CUBE-MEMS1 12.0.0
2026-05-10 21:30:31,405 [INFO] ThirdParty:1030 - CMSIS Pack Vendor :STMicroelectronics X-CUBE-ALGOBUILD 1.3.0
2026-05-10 21:30:31,405 [INFO] ThirdParty:1030 - CMSIS Pack Vendor :STMicroelectronics X-CUBE-STSE01 2.0.0
2026-05-10 21:30:31,405 [INFO] ThirdParty:1030 - CMSIS Pack Vendor :STMicroelectronics X-CUBE-MEMS1 11.2.0
2026-05-10 21:30:31,405 [INFO] ThirdParty:1030 - CMSIS Pack Vendor :STMicroelectronics X-CUBE-AZRTOS-G0 1.1.0
2026-05-10 21:30:31,405 [INFO] ThirdParty:1030 - CMSIS Pack Vendor :STMicroelectronics X-CUBE-SAFEA1 1.2.2
2026-05-10 21:30:31,405 [INFO] ThirdParty:1030 - CMSIS Pack Vendor :STMicroelectronics X-CUBE-NFC4 3.0.0
2026-05-10 21:30:31,405 [INFO] ThirdParty:1030 - CMSIS Pack Vendor :STMicroelectronics X-CUBE-SUBG2 5.0.0
2026-05-10 21:30:31,405 [INFO] ThirdParty:1030 - CMSIS Pack Vendor :STMicroelectronics X-CUBE-AZRTOS-H7RS 1.1.0
2026-05-10 21:30:31,405 [INFO] ThirdParty:1030 - CMSIS Pack Vendor :STMicroelectronics STM32_WPAN 1.0.0
2026-05-10 21:30:31,405 [INFO] ThirdParty:1030 - CMSIS Pack Vendor :EmbeddedOffice I-CUBE-FS-RTOS 1.0.1
2026-05-10 21:30:31,405 [INFO] ThirdParty:1030 - CMSIS Pack Vendor :STMicroelectronics lwIP 2.0.3
2026-05-10 21:30:31,405 [INFO] ThirdParty:1030 - CMSIS Pack Vendor :Cesanta I-CUBE-Mongoose 7.13.0
2026-05-10 21:30:31,405 [INFO] ThirdParty:1030 - CMSIS Pack Vendor :STMicroelectronics USB_HOST 1.0.0
2026-05-10 21:30:31,405 [INFO] ThirdParty:1030 - CMSIS Pack Vendor :STMicroelectronics X-CUBE-AZRTOS-G4 2.0.0
2026-05-10 21:30:31,405 [INFO] ThirdParty:1030 - CMSIS Pack Vendor :STMicroelectronics X-CUBE-WB05N 2.0.0
2026-05-10 21:30:31,405 [INFO] ThirdParty:1030 - CMSIS Pack Vendor :STMicroelectronics PDM2PCM 3.1.0
2026-05-10 21:30:31,405 [INFO] ThirdParty:1030 - CMSIS Pack Vendor :Infineon AIROC-Wi-Fi-Bluetooth-STM32 1.5.1
2026-05-10 21:30:31,405 [INFO] ThirdParty:1030 - CMSIS Pack Vendor :STMicroelectronics X-CUBE-BLEMGR 3.0.0
2026-05-10 21:30:31,405 [INFO] ThirdParty:1030 - CMSIS Pack Vendor :STMicroelectronics X-CUBE-NFC7 2.0.0
2026-05-10 21:30:31,405 [INFO] ThirdParty:1030 - CMSIS Pack Vendor :STMicroelectronics X-CUBE-TCPP 4.2.0
2026-05-10 21:30:31,405 [INFO] ThirdParty:1030 - CMSIS Pack Vendor :RealThread X-CUBE-RT-Thread_Nano 4.1.1
2026-05-10 21:30:31,405 [INFO] ThirdParty:1030 - CMSIS Pack Vendor :STMicroelectronics FP-SNS-MOTENVWB1 1.3.1
2026-05-10 21:30:31,405 [INFO] ThirdParty:1030 - CMSIS Pack Vendor :STMicroelectronics FP-ATR-SIGFOX1 3.2.0
2026-05-10 21:30:31,405 [INFO] ThirdParty:1030 - CMSIS Pack Vendor :quantropi X-CUBE-qispace-sdk-base 1.9.3
2026-05-10 21:30:31,405 [INFO] ThirdParty:1030 - CMSIS Pack Vendor :STMicroelectronics X-CUBE-ISPU 2.0.0
2026-05-10 21:30:31,405 [INFO] ThirdParty:1030 - CMSIS Pack Vendor :STMicroelectronics X-CUBE-EEPRMA1 5.1.0
2026-05-10 21:30:31,405 [INFO] ThirdParty:1030 - CMSIS Pack Vendor :STMicroelectronics X-CUBE-FREERTOS 1.5.0
2026-05-10 21:30:31,405 [INFO] ThirdParty:1030 - CMSIS Pack Vendor :STMicroelectronics MBEDTLS 2.16.2
2026-05-10 21:30:31,405 [INFO] ThirdParty:1030 - CMSIS Pack Vendor :STMicroelectronics X-CUBE-IPS 3.1.0
2026-05-10 21:30:31,405 [INFO] ThirdParty:1030 - CMSIS Pack Vendor :STMicroelectronics X-CUBE-ALS 1.0.2
2026-05-10 21:30:31,405 [INFO] ThirdParty:1030 - CMSIS Pack Vendor :STMicroelectronics X-CUBE-MEMS1 10.0.0
2026-05-10 21:30:31,405 [INFO] ThirdParty:1030 - CMSIS Pack Vendor :STMicroelectronics X-CUBE-FREERTOS 1.1.0
2026-05-10 21:30:31,405 [INFO] ThirdParty:1030 - CMSIS Pack Vendor :STMicroelectronics X-CUBE-TOUCHGFX 4.24.0
2026-05-10 21:30:31,405 [INFO] ThirdParty:1030 - CMSIS Pack Vendor :STMicroelectronics X-CUBE-TOUCHGFX 4.24.2
2026-05-10 21:30:31,405 [INFO] ThirdParty:1030 - CMSIS Pack Vendor :STMicroelectronics X-CUBE-TOUCHGFX 4.24.1
2026-05-10 21:30:31,405 [INFO] ThirdParty:1030 - CMSIS Pack Vendor :STMicroelectronics X-CUBE-STSE01 1.0.0
2026-05-10 21:30:31,405 [INFO] ThirdParty:1030 - CMSIS Pack Vendor :portGmbH I-Cube-SoM-uGOAL 1.1.0
2026-05-10 21:30:31,405 [INFO] ThirdParty:1030 - CMSIS Pack Vendor :STMicroelectronics X-CUBE-ALS 1.0.1
2026-05-10 21:30:31,405 [INFO] ThirdParty:1030 - CMSIS Pack Vendor :STMicroelectronics X-CUBE-NFC6 3.2.0
2026-05-10 21:30:31,406 [INFO] ThirdParty:1030 - CMSIS Pack Vendor :STMicroelectronics X-CUBE-ST67W61 1.0.0
2026-05-10 21:30:31,406 [INFO] ThirdParty:1030 - CMSIS Pack Vendor :STMicroelectronics X-CUBE-AI 10.2.0
2026-05-10 21:30:31,406 [INFO] ThirdParty:1030 - CMSIS Pack Vendor :STMicroelectronics ThreadX 1.0.0
2026-05-10 21:30:31,406 [INFO] ThirdParty:1030 - CMSIS Pack Vendor :STMicroelectronics X-CUBE-MEMS1 12.1.0
2026-05-10 21:30:31,406 [INFO] ThirdParty:1030 - CMSIS Pack Vendor :SEGGER I-CUBE-embOS 1.3.1
2026-05-10 21:30:31,406 [INFO] ThirdParty:1030 - CMSIS Pack Vendor :STMicroelectronics X-CUBE-ALGOBUILD 1.4.0
2026-05-10 21:30:31,406 [INFO] ThirdParty:1030 - CMSIS Pack Vendor :STMicroelectronics X-CUBE-MEMS1 11.3.0
2026-05-10 21:30:31,406 [INFO] ThirdParty:1030 - CMSIS Pack Vendor :STMicroelectronics X-CUBE-AZRTOS-H7RS 1.0.0
2026-05-10 21:30:31,406 [INFO] ThirdParty:1030 - CMSIS Pack Vendor :STMicroelectronics FP-ATR-ASTRA1 2.0.0
2026-05-10 21:30:31,406 [INFO] ThirdParty:1030 - CMSIS Pack Vendor :STMicroelectronics X-CUBE-TOF1 3.4.2
2026-05-10 21:30:31,406 [INFO] ThirdParty:1030 - CMSIS Pack Vendor :STMicroelectronics X-CUBE-TOF1 3.4.3
2026-05-10 21:30:31,406 [INFO] ThirdParty:1030 - CMSIS Pack Vendor :STMicroelectronics X-CUBE-AI 9.1.0
2026-05-10 21:30:31,406 [INFO] ThirdParty:1030 - CMSIS Pack Vendor :STMicroelectronics X-CUBE-TOF1 3.4.0
2026-05-10 21:30:31,406 [INFO] ThirdParty:1030 - CMSIS Pack Vendor :STMicroelectronics X-CUBE-TOF1 3.4.1
2026-05-10 21:30:31,406 [INFO] ThirdParty:1030 - CMSIS Pack Vendor :STMicroelectronics X-CUBE-AZRTOS-H7 3.2.0
2026-05-10 21:30:31,406 [INFO] ThirdParty:1030 - CMSIS Pack Vendor :wolfSSL I-CUBE-wolfSSH 1.4.17
2026-05-10 21:30:31,407 [INFO] ThirdParty:841 - exiting critical section [change project]
2026-05-10 21:30:33,284 [INFO] PinOutPanel:1589 - setPackage(No Configuration,No Configuration)
2026-05-10 21:30:33,299 [INFO] PinOutPanel:1589 - setPackage(STM32H753ZITx,LQFP144)
2026-05-10 21:30:35,460 [INFO] UtilMem:75 - Before build in PCC Used Memory: 798082320 Bytes (1073741824)
2026-05-10 21:30:37,066 [INFO] UtilMem:75 - After build in PCC Used Memory: 819071680 Bytes (1073741824)
2026-05-10 21:30:37,203 [INFO] IPUIPlugin:80 - create IPUIPlugin
2026-05-10 21:30:37,203 [INFO] IPUIPlugin:80 - create IPUIPlugin
2026-05-10 21:30:37,203 [INFO] IPUIPlugin:80 - create IPUIPlugin
2026-05-10 21:30:37,206 [INFO] IPUIPlugin:80 - create IPUIPlugin
2026-05-10 21:30:37,206 [INFO] IPUIPlugin:80 - create IPUIPlugin
2026-05-10 21:30:37,206 [INFO] IPUIPlugin:80 - create IPUIPlugin
2026-05-10 21:30:37,207 [INFO] IPUIPlugin:80 - create IPUIPlugin
2026-05-10 21:30:37,207 [INFO] IPUIPlugin:80 - create IPUIPlugin
2026-05-10 21:30:37,207 [INFO] IPUIPlugin:80 - create IPUIPlugin
2026-05-10 21:30:37,208 [INFO] IPUIPlugin:80 - create IPUIPlugin
2026-05-10 21:30:37,208 [INFO] IPUIPlugin:80 - create IPUIPlugin
2026-05-10 21:30:37,208 [INFO] IPUIPlugin:80 - create IPUIPlugin
2026-05-10 21:30:37,208 [INFO] IPUIPlugin:80 - create IPUIPlugin
2026-05-10 21:30:37,208 [INFO] IPUIPlugin:80 - create IPUIPlugin
2026-05-10 21:30:37,208 [INFO] IPUIPlugin:80 - create IPUIPlugin
2026-05-10 21:30:37,209 [INFO] IPUIPlugin:80 - create IPUIPlugin
2026-05-10 21:30:37,210 [INFO] IPUIPlugin:80 - create IPUIPlugin
2026-05-10 21:30:37,210 [INFO] IPUIPlugin:80 - create IPUIPlugin
2026-05-10 21:30:37,210 [INFO] IPUIPlugin:80 - create IPUIPlugin
2026-05-10 21:30:37,211 [INFO] IPUIPlugin:80 - create IPUIPlugin
2026-05-10 21:30:37,211 [INFO] IPUIPlugin:80 - create IPUIPlugin
2026-05-10 21:30:37,212 [INFO] IPUIPlugin:80 - create IPUIPlugin
2026-05-10 21:30:37,212 [INFO] IPUIPlugin:80 - create IPUIPlugin
2026-05-10 21:30:37,212 [INFO] IPUIPlugin:80 - create IPUIPlugin
2026-05-10 21:30:37,212 [INFO] IPUIPlugin:80 - create IPUIPlugin
2026-05-10 21:30:37,213 [INFO] IPUIPlugin:80 - create IPUIPlugin
2026-05-10 21:30:37,213 [INFO] IPUIPlugin:80 - create IPUIPlugin
2026-05-10 21:30:37,213 [INFO] IPUIPlugin:80 - create IPUIPlugin
2026-05-10 21:30:37,213 [INFO] IPUIPlugin:80 - create IPUIPlugin
2026-05-10 21:30:37,213 [INFO] IPUIPlugin:80 - create IPUIPlugin
2026-05-10 21:30:37,214 [INFO] IPUIPlugin:80 - create IPUIPlugin
2026-05-10 21:30:37,214 [INFO] IPUIPlugin:80 - create IPUIPlugin
2026-05-10 21:30:37,214 [INFO] IPUIPlugin:80 - create IPUIPlugin
2026-05-10 21:30:37,214 [INFO] IPUIPlugin:80 - create IPUIPlugin
2026-05-10 21:30:37,214 [INFO] IPUIPlugin:80 - create IPUIPlugin
2026-05-10 21:30:37,214 [INFO] IPUIPlugin:80 - create IPUIPlugin
2026-05-10 21:30:37,215 [INFO] IPUIPlugin:80 - create IPUIPlugin
2026-05-10 21:30:37,215 [INFO] IPUIPlugin:80 - create IPUIPlugin
2026-05-10 21:30:37,215 [INFO] IPUIPlugin:80 - create IPUIPlugin
2026-05-10 21:30:37,216 [INFO] IPUIPlugin:80 - create IPUIPlugin
2026-05-10 21:30:37,216 [INFO] IPUIPlugin:80 - create IPUIPlugin
2026-05-10 21:30:37,217 [INFO] IPUIPlugin:80 - create IPUIPlugin
2026-05-10 21:30:37,217 [INFO] IPUIPlugin:80 - create IPUIPlugin
2026-05-10 21:30:37,217 [INFO] IPUIPlugin:80 - create IPUIPlugin
2026-05-10 21:30:37,217 [INFO] IPUIPlugin:80 - create IPUIPlugin
2026-05-10 21:30:37,217 [INFO] IPUIPlugin:80 - create IPUIPlugin
2026-05-10 21:30:37,218 [INFO] IPUIPlugin:80 - create IPUIPlugin
2026-05-10 21:30:37,218 [INFO] IPUIPlugin:80 - create IPUIPlugin
2026-05-10 21:30:37,218 [INFO] IPUIPlugin:80 - create IPUIPlugin
2026-05-10 21:30:37,219 [INFO] IPUIPlugin:80 - create IPUIPlugin
2026-05-10 21:30:37,219 [INFO] IPUIPlugin:80 - create IPUIPlugin
2026-05-10 21:30:37,219 [INFO] IPUIPlugin:80 - create IPUIPlugin
2026-05-10 21:30:37,219 [INFO] IPUIPlugin:80 - create IPUIPlugin
2026-05-10 21:30:37,219 [INFO] IPUIPlugin:80 - create IPUIPlugin
2026-05-10 21:30:37,219 [INFO] IPUIPlugin:80 - create IPUIPlugin
2026-05-10 21:30:37,220 [INFO] IPUIPlugin:80 - create IPUIPlugin
2026-05-10 21:30:37,220 [INFO] IPUIPlugin:80 - create IPUIPlugin
2026-05-10 21:30:37,220 [INFO] IPUIPlugin:80 - create IPUIPlugin
2026-05-10 21:30:37,221 [INFO] IPUIPlugin:80 - create IPUIPlugin
2026-05-10 21:30:37,221 [INFO] IPUIPlugin:80 - create IPUIPlugin
2026-05-10 21:30:37,222 [INFO] IPUIPlugin:80 - create IPUIPlugin
2026-05-10 21:30:37,222 [INFO] IPUIPlugin:80 - create IPUIPlugin
2026-05-10 21:30:37,222 [INFO] IPUIPlugin:80 - create IPUIPlugin
2026-05-10 21:30:37,222 [INFO] IPUIPlugin:80 - create IPUIPlugin
2026-05-10 21:30:37,223 [INFO] IPUIPlugin:80 - create IPUIPlugin
2026-05-10 21:30:37,223 [INFO] IPUIPlugin:80 - create IPUIPlugin
2026-05-10 21:30:37,223 [INFO] IPUIPlugin:80 - create IPUIPlugin
2026-05-10 21:30:37,223 [INFO] IPUIPlugin:80 - create IPUIPlugin
2026-05-10 21:30:37,223 [INFO] IPUIPlugin:80 - create IPUIPlugin
2026-05-10 21:30:37,224 [INFO] IPUIPlugin:80 - create IPUIPlugin
2026-05-10 21:30:37,224 [INFO] IPUIPlugin:80 - create IPUIPlugin
2026-05-10 21:30:37,226 [INFO] IPUIPlugin:80 - create IPUIPlugin
2026-05-10 21:30:37,226 [INFO] IPUIPlugin:80 - create IPUIPlugin
2026-05-10 21:30:37,226 [INFO] IPUIPlugin:80 - create IPUIPlugin
2026-05-10 21:30:37,227 [INFO] IPUIPlugin:80 - create IPUIPlugin
2026-05-10 21:30:37,227 [INFO] IPUIPlugin:80 - create IPUIPlugin
2026-05-10 21:30:37,227 [INFO] IPUIPlugin:80 - create IPUIPlugin
2026-05-10 21:30:37,227 [INFO] IPUIPlugin:80 - create IPUIPlugin
2026-05-10 21:30:37,227 [INFO] IPUIPlugin:80 - create IPUIPlugin
2026-05-10 21:30:37,227 [INFO] IPUIPlugin:80 - create IPUIPlugin
2026-05-10 21:30:37,227 [INFO] IPUIPlugin:80 - create IPUIPlugin
2026-05-10 21:30:37,227 [INFO] IPUIPlugin:80 - create IPUIPlugin
2026-05-10 21:30:37,227 [INFO] IPUIPlugin:80 - create IPUIPlugin
2026-05-10 21:30:37,227 [INFO] IPUIPlugin:80 - create IPUIPlugin
2026-05-10 21:30:37,228 [INFO] IPUIPlugin:80 - create IPUIPlugin
2026-05-10 21:30:37,228 [INFO] IPUIPlugin:80 - create IPUIPlugin
2026-05-10 21:30:37,228 [INFO] IPUIPlugin:80 - create IPUIPlugin
2026-05-10 21:30:37,228 [INFO] IPUIPlugin:80 - create IPUIPlugin
2026-05-10 21:30:37,228 [INFO] IPUIPlugin:80 - create IPUIPlugin
2026-05-10 21:30:37,229 [INFO] IPUIPlugin:80 - create IPUIPlugin
2026-05-10 21:30:37,229 [INFO] IPUIPlugin:80 - create IPUIPlugin
2026-05-10 21:30:37,229 [INFO] IPUIPlugin:80 - create IPUIPlugin
2026-05-10 21:30:37,229 [INFO] IPUIPlugin:80 - create IPUIPlugin
2026-05-10 21:30:37,230 [INFO] IPUIPlugin:80 - create IPUIPlugin
2026-05-10 21:30:37,230 [INFO] IPUIPlugin:80 - create IPUIPlugin
2026-05-10 21:30:37,230 [INFO] IPUIPlugin:80 - create IPUIPlugin
2026-05-10 21:30:37,231 [INFO] IPUIPlugin:80 - create IPUIPlugin
2026-05-10 21:30:37,232 [INFO] IPUIPlugin:80 - create IPUIPlugin
2026-05-10 21:30:37,233 [INFO] IPUIPlugin:80 - create IPUIPlugin
2026-05-10 21:30:37,233 [INFO] IPUIPlugin:80 - create IPUIPlugin
2026-05-10 21:30:37,234 [INFO] IPUIPlugin:80 - create IPUIPlugin
2026-05-10 21:30:37,266 [INFO] ApiDbMcu:532 - Load IP Config File for PDM2PCM
2026-05-10 21:30:37,556 [INFO] CADModel:165 - CPN selected for project levelSTM32H753ZIT6
2026-05-10 21:30:37,556 [INFO] CADModel:114 - Register for checkConnection events
2026-05-10 21:30:37,618 [INFO] OpenFileManager:386 - Restore cursor
2026-05-10 21:30:40,653 [INFO] UtilMem:75 - End SaveConfig() Used Memory: 846029320 Bytes (1073741824)
2026-05-10 21:30:40,782 [WARN] Context:862 - Trying to set MEMORYMAP twice on same context Cortex-M7NS
2026-05-10 21:30:42,015 [INFO] ServerAccessManage:452 - Complete download http(s) 200
2026-05-10 21:30:42,024 [INFO] ServerAccessManage:509 - Download File stm32cube_fw_h7_v1120.zip
2026-05-10 21:39:46,826 [INFO] AnalyticsPlugin:363 - Accepted License(s) without tracking enabled: [FW.H7.1.12.0]
2026-05-10 21:39:46,846 [INFO] FileExtend:248 - Unzip File : stm32cube_fw_h7_v1120.zip
2026-05-10 21:39:46,866 [INFO] FileExtend:263 - Standard Zip Deflate
2026-05-10 21:40:08,954 [INFO] ServerAccessManage:452 - Complete download http(s) 200
2026-05-10 21:40:08,967 [INFO] ServerAccessManage:509 - Download File stm32cube_fw_h7_v1121.zip
2026-05-10 21:46:13,512 [INFO] FileExtend:248 - Unzip File : stm32cube_fw_h7_v1121.zip
2026-05-10 21:46:13,519 [INFO] FileExtend:263 - Standard Zip Deflate
2026-05-10 21:46:30,526 [INFO] LoadServerPackagesThread:196 - End of LoadServerPackages Thread
2026-05-10 21:46:30,969 [INFO] ThirdPartyModel:298 - Start build external matchings
2026-05-10 21:46:31,159 [INFO] UtilMem:75 - End SaveConfig() Used Memory: 811925080 Bytes (1073741824)
2026-05-10 21:46:33,202 [INFO] BlockDiagram:2775 - set Specific Code input for plugin: RCC
2026-05-10 21:46:33,204 [INFO] BlockDiagram:2775 - set Specific Code input for plugin: MEMORYMAP
2026-05-10 21:46:33,205 [INFO] BlockDiagram:2775 - set Specific Code input for plugin: SYS
2026-05-10 21:46:33,205 [INFO] BlockDiagram:2775 - set Specific Code input for plugin: NVIC
2026-05-10 21:46:33,209 [INFO] BlockDiagram:2775 - set Specific Code input for plugin: GPIO
2026-05-10 21:46:33,211 [INFO] CodeGenerator:892 - code generatio: config db path: /Applications/STM32CubeIDE.app/Contents/Eclipse/plugins/com.st.stm32cube.common.mx_6.15.0.202507011659//db/
2026-05-10 21:46:34,245 [INFO] CodeEngine:265 - oldGeneratedFile, /Users/jeffreya181/Desktop/Projects/Haley/Project-Haley/HaleyEmbedded_RevA/MXTmpFiles/license.tmp_save
2026-05-10 21:46:35,367 [INFO] CodeEngine:289 - Generated code: /Users/jeffreya181/Desktop/Projects/Haley/Project-Haley/HaleyEmbedded_RevA/MXTmpFiles/license.tmp
2026-05-10 21:46:35,945 [INFO] CodeEngine:265 - oldGeneratedFile, /Users/jeffreya181/Desktop/Projects/Haley/Project-Haley/HaleyEmbedded_RevA/MXTmpFiles/gpio.tmp_save
2026-05-10 21:46:36,333 [INFO] CodeEngine:289 - Generated code: /Users/jeffreya181/Desktop/Projects/Haley/Project-Haley/HaleyEmbedded_RevA/MXTmpFiles/gpio.tmp
2026-05-10 21:46:36,652 [WARN] IPConfigManager:103 - WARNING: Missing Config File for MEMORYMAP ip!!
2026-05-10 21:46:36,898 [INFO] ThirdPartyModel:316 - End build external matchings
2026-05-10 21:46:37,010 [INFO] CheckServerUpdateThread:120 - End of CheckServer Thread
2026-05-10 21:46:37,207 [INFO] CodeEngine:265 - oldGeneratedFile, /Users/jeffreya181/Desktop/Projects/Haley/Project-Haley/HaleyEmbedded_RevA/MXTmpFiles/cortex.tmp_save
2026-05-10 21:46:37,497 [INFO] CodeEngine:289 - Generated code: /Users/jeffreya181/Desktop/Projects/Haley/Project-Haley/HaleyEmbedded_RevA/MXTmpFiles/cortex.tmp
2026-05-10 21:46:37,520 [INFO] CodeEngine:265 - oldGeneratedFile, /Users/jeffreya181/Desktop/Projects/Haley/Project-Haley/HaleyEmbedded_RevA/Core/Src/stm32h7xx_it.c_save
2026-05-10 21:46:37,810 [INFO] CodeEngine:289 - Generated code: /Users/jeffreya181/Desktop/Projects/Haley/Project-Haley/HaleyEmbedded_RevA/Core/Src/stm32h7xx_it.c
2026-05-10 21:46:37,818 [INFO] CodeEngine:265 - oldGeneratedFile, /Users/jeffreya181/Desktop/Projects/Haley/Project-Haley/HaleyEmbedded_RevA/Core/Inc/stm32h7xx_it.h_save
2026-05-10 21:46:37,904 [INFO] CodeEngine:289 - Generated code: /Users/jeffreya181/Desktop/Projects/Haley/Project-Haley/HaleyEmbedded_RevA/Core/Inc/stm32h7xx_it.h
2026-05-10 21:46:38,057 [INFO] CodeEngine:265 - oldGeneratedFile, /Users/jeffreya181/Desktop/Projects/Haley/Project-Haley/HaleyEmbedded_RevA/Core/Src/stm32h7xx_hal_msp.c_save
2026-05-10 21:46:38,293 [INFO] CodeEngine:289 - Generated code: /Users/jeffreya181/Desktop/Projects/Haley/Project-Haley/HaleyEmbedded_RevA/Core/Src/stm32h7xx_hal_msp.c
2026-05-10 21:46:38,300 [INFO] CodeEngine:265 - oldGeneratedFile, /Users/jeffreya181/Desktop/Projects/Haley/Project-Haley/HaleyEmbedded_RevA/MXTmpFiles/system.tmp_save
2026-05-10 21:46:38,405 [INFO] CodeEngine:289 - Generated code: /Users/jeffreya181/Desktop/Projects/Haley/Project-Haley/HaleyEmbedded_RevA/MXTmpFiles/system.tmp
2026-05-10 21:46:38,419 [INFO] CodeEngine:321 - oldGeneratedFile, /Users/jeffreya181/Desktop/Projects/Haley/Project-Haley/HaleyEmbedded_RevA/Core/Inc/stm32h7xx_hal_conf.h_save
2026-05-10 21:46:38,527 [INFO] CodeEngine:345 - Generated code: /Users/jeffreya181/Desktop/Projects/Haley/Project-Haley/HaleyEmbedded_RevA/Core/Inc/stm32h7xx_hal_conf.h
2026-05-10 21:46:38,661 [INFO] ApiDbMcu:532 - Load IP Config File for RCC
2026-05-10 21:46:38,673 [INFO] CodeEngine:265 - oldGeneratedFile, /Users/jeffreya181/Desktop/Projects/Haley/Project-Haley/HaleyEmbedded_RevA/Core/Inc/main.h_save
2026-05-10 21:46:38,843 [INFO] CodeEngine:289 - Generated code: /Users/jeffreya181/Desktop/Projects/Haley/Project-Haley/HaleyEmbedded_RevA/Core/Inc/main.h
2026-05-10 21:46:38,849 [INFO] CodeEngine:265 - oldGeneratedFile, /Users/jeffreya181/Desktop/Projects/Haley/Project-Haley/HaleyEmbedded_RevA/Core/Src/main.c_save
2026-05-10 21:46:39,062 [INFO] CodeEngine:289 - Generated code: /Users/jeffreya181/Desktop/Projects/Haley/Project-Haley/HaleyEmbedded_RevA/Core/Src/main.c
2026-05-10 21:46:39,444 [INFO] ProjectBuilder:3606 - Time for Copy HAL[1] : 70mS.
2026-05-10 21:46:39,455 [INFO] ProjectBuilder:5216 - Project Generator version: 4.7.0-B52
2026-05-10 21:46:39,682 [INFO] ConfigFileManager:1595 - The Die is : DIE450
2026-05-10 21:46:39,697 [INFO] ApiDbMcu:532 - Load IP Config File for FATFS
2026-05-10 21:46:39,708 [INFO] ApiDbMcu:532 - Load IP Config File for FREERTOS
2026-05-10 21:46:39,712 [INFO] ApiDbMcu:532 - Load IP Config File for LIBJPEG
2026-05-10 21:46:39,727 [INFO] ApiDbMcu:532 - Load IP Config File for LWIP
2026-05-10 21:46:39,748 [INFO] ApiDbMcu:532 - Load IP Config File for MBEDTLS
2026-05-10 21:46:39,770 [INFO] ApiDbMcu:532 - Load IP Config File for USB_DEVICE
2026-05-10 21:46:39,780 [INFO] ApiDbMcu:532 - Load IP Config File for USB_HOST
2026-05-10 21:46:41,167 [INFO] LogOutputStream:77 - [STDOUT_REDIRECT] 
2026-05-10 21:46:47,308 [INFO] ProjectBuilder:5496 - Time for Generating toolchain IDE Files: 7839mS.
2026-05-10 21:46:47,316 [INFO] ProjectBuilder:3463 - Time for Copy CMSIS : 4mS.
2026-05-10 21:46:47,320 [INFO] ProjectBuilder:3463 - Time for Copy CMSIS : 0mS.
2026-05-10 21:46:49,963 [INFO] McuFinderGlobals:76 - Set McuFinderConnectedMode to true
2026-05-10 21:46:50,040 [INFO] ApiDb:448 - Save user favorites file /Users/jeffreya181/.stm32cubeide/favorites.mcus.txt: 0 item(s)
2026-05-10 21:46:50,043 [INFO] ApiDb:452 - User favorites MCUs=[]
2026-05-10 21:46:50,065 [INFO] ApiDb:448 - Save user favorites file /Users/jeffreya181/.stm32cubeide/favorites.boards.txt: 3 item(s)
2026-05-10 21:46:50,066 [INFO] ApiDb:452 - User favorites Boards=[NUCLEO-G0B1RE, NUCLEO-H753ZI, STM32F429I-DISC1]
2026-05-10 21:51:49,084 [INFO] RtosManager:1018 - Current active RTOS is FREERTOS [Cortex-M7NS]
2026-05-10 21:51:51,073 [WARN] FreeRTOS:563 - Case being investigated as it may cause exception (when called to early by set config state
2026-05-10 21:51:51,889 [ERROR] RtosPanel:558 - Can not restore the selected Tab for FREERTOS(A reason can be that the tab is no more available.)
2026-05-10 21:51:52,167 [ERROR] RtosPanel:558 - Can not restore the selected Tab for FREERTOS(A reason can be that the tab is no more available.)
2026-05-10 21:51:59,498 [INFO] TasksAndQueuesTab:757 - Dynamic
2026-05-10 21:51:59,500 [WARN] TasksAndQueuesTab:763 - 128 128
2026-05-10 21:51:59,510 [WARN] TasksAndQueuesTab:775 - max value is: 3840.0
2026-05-10 21:52:28,287 [INFO] TasksAndQueuesTab:757 - Dynamic
2026-05-10 21:52:28,288 [WARN] TasksAndQueuesTab:763 - 128 128
2026-05-10 21:52:28,288 [WARN] TasksAndQueuesTab:775 - max value is: 3840.0
2026-05-10 21:52:29,579 [INFO] EditThreadDialog:704 - RAM SIZE (in KB): 864
2026-05-10 21:52:29,580 [INFO] EditThreadDialog:706 - RAM SIZE (in words): 221184
2026-05-10 21:53:58,970 [INFO] TasksAndQueuesTab:757 - Dynamic
2026-05-10 21:53:58,973 [WARN] TasksAndQueuesTab:763 - 128 128
2026-05-10 21:53:58,973 [WARN] TasksAndQueuesTab:775 - max value is: 3840.0
2026-05-10 21:53:58,973 [INFO] TasksAndQueuesTab:757 - Dynamic
2026-05-10 21:53:58,973 [WARN] TasksAndQueuesTab:763 - 512 128
2026-05-10 21:53:58,973 [WARN] TasksAndQueuesTab:775 - max value is: 3840.0
2026-05-10 21:53:59,395 [ERROR] RtosPanel:558 - Can not restore the selected Tab for FREERTOS(A reason can be that the tab is no more available.)
2026-05-10 21:54:08,805 [INFO] TasksAndQueuesTab:757 - Dynamic
2026-05-10 21:54:08,812 [WARN] TasksAndQueuesTab:763 - 128 128
2026-05-10 21:54:08,814 [WARN] TasksAndQueuesTab:775 - max value is: 3840.0
2026-05-10 21:54:08,814 [INFO] TasksAndQueuesTab:757 - Dynamic
2026-05-10 21:54:08,814 [WARN] TasksAndQueuesTab:763 - 512 128
2026-05-10 21:54:08,814 [WARN] TasksAndQueuesTab:775 - max value is: 3840.0
2026-05-10 21:54:35,198 [INFO] EditThreadDialog:704 - RAM SIZE (in KB): 864
2026-05-10 21:54:35,200 [INFO] EditThreadDialog:706 - RAM SIZE (in words): 221184
2026-05-10 21:55:47,142 [INFO] TasksAndQueuesTab:757 - Dynamic
2026-05-10 21:55:47,144 [WARN] TasksAndQueuesTab:763 - 128 128
2026-05-10 21:55:47,144 [WARN] TasksAndQueuesTab:775 - max value is: 3840.0
2026-05-10 21:55:47,144 [INFO] TasksAndQueuesTab:757 - Dynamic
2026-05-10 21:55:47,144 [WARN] TasksAndQueuesTab:763 - 512 128
2026-05-10 21:55:47,144 [WARN] TasksAndQueuesTab:775 - max value is: 3840.0
2026-05-10 21:55:47,144 [INFO] TasksAndQueuesTab:757 - Dynamic
2026-05-10 21:55:47,145 [WARN] TasksAndQueuesTab:763 - 2048 128
2026-05-10 21:55:47,145 [WARN] TasksAndQueuesTab:775 - max value is: 3840.0
2026-05-10 21:55:49,986 [INFO] EditThreadDialog:704 - RAM SIZE (in KB): 864
2026-05-10 21:55:49,987 [INFO] EditThreadDialog:706 - RAM SIZE (in words): 221184
2026-05-10 21:56:37,639 [INFO] TasksAndQueuesTab:757 - Dynamic
2026-05-10 21:56:37,641 [WARN] TasksAndQueuesTab:763 - 128 128
2026-05-10 21:56:37,642 [WARN] TasksAndQueuesTab:775 - max value is: 3840.0
2026-05-10 21:56:37,642 [INFO] TasksAndQueuesTab:757 - Dynamic
2026-05-10 21:56:37,642 [WARN] TasksAndQueuesTab:763 - 512 128
2026-05-10 21:56:37,642 [WARN] TasksAndQueuesTab:775 - max value is: 3840.0
2026-05-10 21:56:37,642 [INFO] TasksAndQueuesTab:757 - Dynamic
2026-05-10 21:56:37,642 [WARN] TasksAndQueuesTab:763 - 2048 128
2026-05-10 21:56:37,642 [WARN] TasksAndQueuesTab:775 - max value is: 3840.0
2026-05-10 21:56:37,642 [INFO] TasksAndQueuesTab:757 - Dynamic
2026-05-10 21:56:37,642 [WARN] TasksAndQueuesTab:763 - 2048 128
2026-05-10 21:56:37,642 [WARN] TasksAndQueuesTab:775 - max value is: 3840.0
2026-05-10 21:56:48,778 [INFO] EditThreadDialog:704 - RAM SIZE (in KB): 864
2026-05-10 21:56:48,780 [INFO] EditThreadDialog:706 - RAM SIZE (in words): 221184
2026-05-10 21:57:47,682 [INFO] TasksAndQueuesTab:757 - Dynamic
2026-05-10 21:57:47,685 [WARN] TasksAndQueuesTab:763 - 128 128
2026-05-10 21:57:47,685 [WARN] TasksAndQueuesTab:775 - max value is: 3840.0
2026-05-10 21:57:47,685 [INFO] TasksAndQueuesTab:757 - Dynamic
2026-05-10 21:57:47,685 [WARN] TasksAndQueuesTab:763 - 512 128
2026-05-10 21:57:47,685 [WARN] TasksAndQueuesTab:775 - max value is: 3840.0
2026-05-10 21:57:47,685 [INFO] TasksAndQueuesTab:757 - Dynamic
2026-05-10 21:57:47,685 [WARN] TasksAndQueuesTab:763 - 2048 128
2026-05-10 21:57:47,686 [WARN] TasksAndQueuesTab:775 - max value is: 3840.0
2026-05-10 21:57:47,686 [INFO] TasksAndQueuesTab:757 - Dynamic
2026-05-10 21:57:47,686 [WARN] TasksAndQueuesTab:763 - 2048 128
2026-05-10 21:57:47,686 [WARN] TasksAndQueuesTab:775 - max value is: 3840.0
2026-05-10 21:57:47,686 [INFO] TasksAndQueuesTab:757 - Dynamic
2026-05-10 21:57:47,686 [WARN] TasksAndQueuesTab:763 - 2048 128
2026-05-10 21:57:47,686 [WARN] TasksAndQueuesTab:775 - max value is: 3840.0
2026-05-10 21:57:50,646 [INFO] EditThreadDialog:704 - RAM SIZE (in KB): 864
2026-05-10 21:57:50,653 [INFO] EditThreadDialog:706 - RAM SIZE (in words): 221184
2026-05-10 22:00:00,074 [INFO] TasksAndQueuesTab:757 - Dynamic
2026-05-10 22:00:00,079 [WARN] TasksAndQueuesTab:763 - 128 128
2026-05-10 22:00:00,079 [WARN] TasksAndQueuesTab:775 - max value is: 3840.0
2026-05-10 22:00:00,079 [INFO] TasksAndQueuesTab:757 - Dynamic
2026-05-10 22:00:00,080 [WARN] TasksAndQueuesTab:763 - 512 128
2026-05-10 22:00:00,080 [WARN] TasksAndQueuesTab:775 - max value is: 3840.0
2026-05-10 22:00:00,080 [INFO] TasksAndQueuesTab:757 - Dynamic
2026-05-10 22:00:00,080 [WARN] TasksAndQueuesTab:763 - 2048 128
2026-05-10 22:00:00,080 [WARN] TasksAndQueuesTab:775 - max value is: 3840.0
2026-05-10 22:00:00,080 [INFO] TasksAndQueuesTab:757 - Dynamic
2026-05-10 22:00:00,080 [WARN] TasksAndQueuesTab:763 - 2048 128
2026-05-10 22:00:00,080 [WARN] TasksAndQueuesTab:775 - max value is: 3840.0
2026-05-10 22:00:00,080 [INFO] TasksAndQueuesTab:757 - Dynamic
2026-05-10 22:00:00,080 [WARN] TasksAndQueuesTab:763 - 2048 128
2026-05-10 22:00:00,082 [WARN] TasksAndQueuesTab:775 - max value is: 3840.0
2026-05-10 22:00:00,082 [INFO] TasksAndQueuesTab:757 - Dynamic
2026-05-10 22:00:00,083 [WARN] TasksAndQueuesTab:763 - 1024 128
2026-05-10 22:00:00,083 [WARN] TasksAndQueuesTab:775 - max value is: 3840.0
2026-05-10 22:00:08,360 [INFO] EditThreadDialog:704 - RAM SIZE (in KB): 864
2026-05-10 22:00:08,372 [INFO] EditThreadDialog:706 - RAM SIZE (in words): 221184
2026-05-10 22:00:48,085 [INFO] TasksAndQueuesTab:757 - Dynamic
2026-05-10 22:00:48,087 [WARN] TasksAndQueuesTab:763 - 128 128
2026-05-10 22:00:48,087 [WARN] TasksAndQueuesTab:775 - max value is: 3840.0
2026-05-10 22:00:48,087 [INFO] TasksAndQueuesTab:757 - Dynamic
2026-05-10 22:00:48,087 [WARN] TasksAndQueuesTab:763 - 512 128
2026-05-10 22:00:48,087 [WARN] TasksAndQueuesTab:775 - max value is: 3840.0
2026-05-10 22:00:48,087 [INFO] TasksAndQueuesTab:757 - Dynamic
2026-05-10 22:00:48,087 [WARN] TasksAndQueuesTab:763 - 2048 128
2026-05-10 22:00:48,087 [WARN] TasksAndQueuesTab:775 - max value is: 3840.0
2026-05-10 22:00:48,087 [INFO] TasksAndQueuesTab:757 - Dynamic
2026-05-10 22:00:48,087 [WARN] TasksAndQueuesTab:763 - 2048 128
2026-05-10 22:00:48,087 [WARN] TasksAndQueuesTab:775 - max value is: 3840.0
2026-05-10 22:00:48,087 [INFO] TasksAndQueuesTab:757 - Dynamic
2026-05-10 22:00:48,087 [WARN] TasksAndQueuesTab:763 - 2048 128
2026-05-10 22:00:48,087 [WARN] TasksAndQueuesTab:775 - max value is: 3840.0
2026-05-10 22:00:48,087 [INFO] TasksAndQueuesTab:757 - Dynamic
2026-05-10 22:00:48,087 [WARN] TasksAndQueuesTab:763 - 1024 128
2026-05-10 22:00:48,087 [WARN] TasksAndQueuesTab:775 - max value is: 3840.0
2026-05-10 22:00:48,087 [INFO] TasksAndQueuesTab:757 - Dynamic
2026-05-10 22:00:48,088 [WARN] TasksAndQueuesTab:763 - 1024 128
2026-05-10 22:00:48,088 [WARN] TasksAndQueuesTab:775 - max value is: 3840.0
2026-05-10 22:01:06,397 [INFO] EditThreadDialog:704 - RAM SIZE (in KB): 864
2026-05-10 22:01:06,397 [INFO] EditThreadDialog:706 - RAM SIZE (in words): 221184
2026-05-10 22:01:39,432 [INFO] TasksAndQueuesTab:757 - Dynamic
2026-05-10 22:01:39,433 [WARN] TasksAndQueuesTab:763 - 128 128
2026-05-10 22:01:39,433 [WARN] TasksAndQueuesTab:775 - max value is: 3840.0
2026-05-10 22:01:39,433 [INFO] TasksAndQueuesTab:757 - Dynamic
2026-05-10 22:01:39,433 [WARN] TasksAndQueuesTab:763 - 512 128
2026-05-10 22:01:39,433 [WARN] TasksAndQueuesTab:775 - max value is: 3840.0
2026-05-10 22:01:39,433 [INFO] TasksAndQueuesTab:757 - Dynamic
2026-05-10 22:01:39,433 [WARN] TasksAndQueuesTab:763 - 2048 128
2026-05-10 22:01:39,433 [WARN] TasksAndQueuesTab:775 - max value is: 3840.0
2026-05-10 22:01:39,433 [INFO] TasksAndQueuesTab:757 - Dynamic
2026-05-10 22:01:39,433 [WARN] TasksAndQueuesTab:763 - 2048 128
2026-05-10 22:01:39,433 [WARN] TasksAndQueuesTab:775 - max value is: 3840.0
2026-05-10 22:01:39,433 [INFO] TasksAndQueuesTab:757 - Dynamic
2026-05-10 22:01:39,433 [WARN] TasksAndQueuesTab:763 - 2048 128
2026-05-10 22:01:39,434 [WARN] TasksAndQueuesTab:775 - max value is: 3840.0
2026-05-10 22:01:39,434 [INFO] TasksAndQueuesTab:757 - Dynamic
2026-05-10 22:01:39,434 [WARN] TasksAndQueuesTab:763 - 1024 128
2026-05-10 22:01:39,434 [WARN] TasksAndQueuesTab:775 - max value is: 3840.0
2026-05-10 22:01:39,434 [INFO] TasksAndQueuesTab:757 - Dynamic
2026-05-10 22:01:39,434 [WARN] TasksAndQueuesTab:763 - 1024 128
2026-05-10 22:01:39,434 [WARN] TasksAndQueuesTab:775 - max value is: 3840.0
2026-05-10 22:01:39,434 [INFO] TasksAndQueuesTab:757 - Dynamic
2026-05-10 22:01:39,434 [WARN] TasksAndQueuesTab:763 - 1024 128
2026-05-10 22:01:39,434 [WARN] TasksAndQueuesTab:775 - max value is: 3840.0
2026-05-10 22:01:47,791 [INFO] EditThreadDialog:704 - RAM SIZE (in KB): 864
2026-05-10 22:01:47,792 [INFO] EditThreadDialog:706 - RAM SIZE (in words): 221184
2026-05-10 22:02:19,769 [INFO] TasksAndQueuesTab:757 - Dynamic
2026-05-10 22:02:19,770 [WARN] TasksAndQueuesTab:763 - 128 128
2026-05-10 22:02:19,770 [WARN] TasksAndQueuesTab:775 - max value is: 3840.0
2026-05-10 22:02:19,770 [INFO] TasksAndQueuesTab:757 - Dynamic
2026-05-10 22:02:19,770 [WARN] TasksAndQueuesTab:763 - 512 128
2026-05-10 22:02:19,771 [WARN] TasksAndQueuesTab:775 - max value is: 3840.0
2026-05-10 22:02:19,771 [INFO] TasksAndQueuesTab:757 - Dynamic
2026-05-10 22:02:19,771 [WARN] TasksAndQueuesTab:763 - 2048 128
2026-05-10 22:02:19,771 [WARN] TasksAndQueuesTab:775 - max value is: 3840.0
2026-05-10 22:02:19,771 [INFO] TasksAndQueuesTab:757 - Dynamic
2026-05-10 22:02:19,771 [WARN] TasksAndQueuesTab:763 - 2048 128
2026-05-10 22:02:19,771 [WARN] TasksAndQueuesTab:775 - max value is: 3840.0
2026-05-10 22:02:19,771 [INFO] TasksAndQueuesTab:757 - Dynamic
2026-05-10 22:02:19,771 [WARN] TasksAndQueuesTab:763 - 2048 128
2026-05-10 22:02:19,771 [WARN] TasksAndQueuesTab:775 - max value is: 3840.0
2026-05-10 22:02:19,771 [INFO] TasksAndQueuesTab:757 - Dynamic
2026-05-10 22:02:19,771 [WARN] TasksAndQueuesTab:763 - 1024 128
2026-05-10 22:02:19,771 [WARN] TasksAndQueuesTab:775 - max value is: 3840.0
2026-05-10 22:02:19,771 [INFO] TasksAndQueuesTab:757 - Dynamic
2026-05-10 22:02:19,771 [WARN] TasksAndQueuesTab:763 - 1024 128
2026-05-10 22:02:19,771 [WARN] TasksAndQueuesTab:775 - max value is: 3840.0
2026-05-10 22:02:19,771 [INFO] TasksAndQueuesTab:757 - Dynamic
2026-05-10 22:02:19,771 [WARN] TasksAndQueuesTab:763 - 1024 128
2026-05-10 22:02:19,771 [WARN] TasksAndQueuesTab:775 - max value is: 3840.0
2026-05-10 22:02:19,771 [INFO] TasksAndQueuesTab:757 - Dynamic
2026-05-10 22:02:19,771 [WARN] TasksAndQueuesTab:763 - 1024 128
2026-05-10 22:02:19,771 [WARN] TasksAndQueuesTab:775 - max value is: 3840.0
2026-05-10 22:07:27,722 [INFO] TasksAndQueuesTab:757 - Dynamic
2026-05-10 22:07:27,735 [WARN] TasksAndQueuesTab:763 - 128 128
2026-05-10 22:07:27,738 [WARN] TasksAndQueuesTab:775 - max value is: 3840.0
2026-05-10 22:07:27,739 [INFO] TasksAndQueuesTab:757 - Dynamic
2026-05-10 22:07:27,739 [WARN] TasksAndQueuesTab:763 - 512 128
2026-05-10 22:07:27,739 [WARN] TasksAndQueuesTab:775 - max value is: 3840.0
2026-05-10 22:07:27,739 [INFO] TasksAndQueuesTab:757 - Dynamic
2026-05-10 22:07:27,739 [WARN] TasksAndQueuesTab:763 - 2048 128
2026-05-10 22:07:27,739 [WARN] TasksAndQueuesTab:775 - max value is: 3840.0
2026-05-10 22:07:27,739 [INFO] TasksAndQueuesTab:757 - Dynamic
2026-05-10 22:07:27,739 [WARN] TasksAndQueuesTab:763 - 2048 128
2026-05-10 22:07:27,739 [WARN] TasksAndQueuesTab:775 - max value is: 3840.0
2026-05-10 22:07:27,739 [INFO] TasksAndQueuesTab:757 - Dynamic
2026-05-10 22:07:27,739 [WARN] TasksAndQueuesTab:763 - 2048 128
2026-05-10 22:07:27,739 [WARN] TasksAndQueuesTab:775 - max value is: 3840.0
2026-05-10 22:07:27,739 [INFO] TasksAndQueuesTab:757 - Dynamic
2026-05-10 22:07:27,740 [WARN] TasksAndQueuesTab:763 - 1024 128
2026-05-10 22:07:27,740 [WARN] TasksAndQueuesTab:775 - max value is: 3840.0
2026-05-10 22:07:27,740 [INFO] TasksAndQueuesTab:757 - Dynamic
2026-05-10 22:07:27,740 [WARN] TasksAndQueuesTab:763 - 1024 128
2026-05-10 22:07:27,740 [WARN] TasksAndQueuesTab:775 - max value is: 3840.0
2026-05-10 22:07:27,740 [INFO] TasksAndQueuesTab:757 - Dynamic
2026-05-10 22:07:27,740 [WARN] TasksAndQueuesTab:763 - 1024 128
2026-05-10 22:07:27,740 [WARN] TasksAndQueuesTab:775 - max value is: 3840.0
2026-05-10 22:07:27,740 [INFO] TasksAndQueuesTab:757 - Dynamic
2026-05-10 22:07:27,740 [WARN] TasksAndQueuesTab:763 - 1024 128
2026-05-10 22:07:27,740 [WARN] TasksAndQueuesTab:775 - max value is: 3840.0
2026-05-10 22:08:03,373 [INFO] TasksAndQueuesTab:757 - Dynamic
2026-05-10 22:08:03,374 [WARN] TasksAndQueuesTab:763 - 128 128
2026-05-10 22:08:03,375 [WARN] TasksAndQueuesTab:775 - max value is: 3840.0
2026-05-10 22:08:03,375 [INFO] TasksAndQueuesTab:757 - Dynamic
2026-05-10 22:08:03,375 [WARN] TasksAndQueuesTab:763 - 512 128
2026-05-10 22:08:03,375 [WARN] TasksAndQueuesTab:775 - max value is: 3840.0
2026-05-10 22:08:03,375 [INFO] TasksAndQueuesTab:757 - Dynamic
2026-05-10 22:08:03,375 [WARN] TasksAndQueuesTab:763 - 2048 128
2026-05-10 22:08:03,375 [WARN] TasksAndQueuesTab:775 - max value is: 3840.0
2026-05-10 22:08:03,375 [INFO] TasksAndQueuesTab:757 - Dynamic
2026-05-10 22:08:03,376 [WARN] TasksAndQueuesTab:763 - 2048 128
2026-05-10 22:08:03,376 [WARN] TasksAndQueuesTab:775 - max value is: 3840.0
2026-05-10 22:08:03,376 [INFO] TasksAndQueuesTab:757 - Dynamic
2026-05-10 22:08:03,376 [WARN] TasksAndQueuesTab:763 - 2048 128
2026-05-10 22:08:03,376 [WARN] TasksAndQueuesTab:775 - max value is: 3840.0
2026-05-10 22:08:03,376 [INFO] TasksAndQueuesTab:757 - Dynamic
2026-05-10 22:08:03,376 [WARN] TasksAndQueuesTab:763 - 1024 128
2026-05-10 22:08:03,376 [WARN] TasksAndQueuesTab:775 - max value is: 3840.0
2026-05-10 22:08:03,376 [INFO] TasksAndQueuesTab:757 - Dynamic
2026-05-10 22:08:03,376 [WARN] TasksAndQueuesTab:763 - 1024 128
2026-05-10 22:08:03,376 [WARN] TasksAndQueuesTab:775 - max value is: 3840.0
2026-05-10 22:08:03,376 [INFO] TasksAndQueuesTab:757 - Dynamic
2026-05-10 22:08:03,376 [WARN] TasksAndQueuesTab:763 - 1024 128
2026-05-10 22:08:03,376 [WARN] TasksAndQueuesTab:775 - max value is: 3840.0
2026-05-10 22:08:03,376 [INFO] TasksAndQueuesTab:757 - Dynamic
2026-05-10 22:08:03,376 [WARN] TasksAndQueuesTab:763 - 1024 128
2026-05-10 22:08:03,376 [WARN] TasksAndQueuesTab:775 - max value is: 3840.0
2026-05-10 22:08:19,957 [INFO] TasksAndQueuesTab:757 - Dynamic
2026-05-10 22:08:19,968 [WARN] TasksAndQueuesTab:763 - 128 128
2026-05-10 22:08:19,972 [WARN] TasksAndQueuesTab:775 - max value is: 3840.0
2026-05-10 22:08:19,972 [INFO] TasksAndQueuesTab:757 - Dynamic
2026-05-10 22:08:19,972 [WARN] TasksAndQueuesTab:763 - 512 128
2026-05-10 22:08:19,972 [WARN] TasksAndQueuesTab:775 - max value is: 3840.0
2026-05-10 22:08:19,972 [INFO] TasksAndQueuesTab:757 - Dynamic
2026-05-10 22:08:19,972 [WARN] TasksAndQueuesTab:763 - 2048 128
2026-05-10 22:08:19,972 [WARN] TasksAndQueuesTab:775 - max value is: 3840.0
2026-05-10 22:08:19,972 [INFO] TasksAndQueuesTab:757 - Dynamic
2026-05-10 22:08:19,972 [WARN] TasksAndQueuesTab:763 - 2048 128
2026-05-10 22:08:19,972 [WARN] TasksAndQueuesTab:775 - max value is: 3840.0
2026-05-10 22:08:19,972 [INFO] TasksAndQueuesTab:757 - Dynamic
2026-05-10 22:08:19,972 [WARN] TasksAndQueuesTab:763 - 2048 128
2026-05-10 22:08:19,972 [WARN] TasksAndQueuesTab:775 - max value is: 3840.0
2026-05-10 22:08:19,972 [INFO] TasksAndQueuesTab:757 - Dynamic
2026-05-10 22:08:19,972 [WARN] TasksAndQueuesTab:763 - 1024 128
2026-05-10 22:08:19,972 [WARN] TasksAndQueuesTab:775 - max value is: 3840.0
2026-05-10 22:08:19,973 [INFO] TasksAndQueuesTab:757 - Dynamic
2026-05-10 22:08:19,973 [WARN] TasksAndQueuesTab:763 - 1024 128
2026-05-10 22:08:19,973 [WARN] TasksAndQueuesTab:775 - max value is: 3840.0
2026-05-10 22:08:19,973 [INFO] TasksAndQueuesTab:757 - Dynamic
2026-05-10 22:08:19,973 [WARN] TasksAndQueuesTab:763 - 1024 128
2026-05-10 22:08:19,973 [WARN] TasksAndQueuesTab:775 - max value is: 3840.0
2026-05-10 22:08:19,973 [INFO] TasksAndQueuesTab:757 - Dynamic
2026-05-10 22:08:19,973 [WARN] TasksAndQueuesTab:763 - 1024 128
2026-05-10 22:08:19,973 [WARN] TasksAndQueuesTab:775 - max value is: 3840.0
2026-05-10 22:08:42,335 [INFO] TasksAndQueuesTab:757 - Dynamic
2026-05-10 22:08:42,338 [WARN] TasksAndQueuesTab:763 - 128 128
2026-05-10 22:08:42,338 [WARN] TasksAndQueuesTab:775 - max value is: 3840.0
2026-05-10 22:08:42,338 [INFO] TasksAndQueuesTab:757 - Dynamic
2026-05-10 22:08:42,338 [WARN] TasksAndQueuesTab:763 - 512 128
2026-05-10 22:08:42,338 [WARN] TasksAndQueuesTab:775 - max value is: 3840.0
2026-05-10 22:08:42,338 [INFO] TasksAndQueuesTab:757 - Dynamic
2026-05-10 22:08:42,339 [WARN] TasksAndQueuesTab:763 - 2048 128
2026-05-10 22:08:42,339 [WARN] TasksAndQueuesTab:775 - max value is: 3840.0
2026-05-10 22:08:42,339 [INFO] TasksAndQueuesTab:757 - Dynamic
2026-05-10 22:08:42,339 [WARN] TasksAndQueuesTab:763 - 2048 128
2026-05-10 22:08:42,339 [WARN] TasksAndQueuesTab:775 - max value is: 3840.0
2026-05-10 22:08:42,339 [INFO] TasksAndQueuesTab:757 - Dynamic
2026-05-10 22:08:42,339 [WARN] TasksAndQueuesTab:763 - 2048 128
2026-05-10 22:08:42,339 [WARN] TasksAndQueuesTab:775 - max value is: 3840.0
2026-05-10 22:08:42,339 [INFO] TasksAndQueuesTab:757 - Dynamic
2026-05-10 22:08:42,339 [WARN] TasksAndQueuesTab:763 - 1024 128
2026-05-10 22:08:42,339 [WARN] TasksAndQueuesTab:775 - max value is: 3840.0
2026-05-10 22:08:42,339 [INFO] TasksAndQueuesTab:757 - Dynamic
2026-05-10 22:08:42,339 [WARN] TasksAndQueuesTab:763 - 1024 128
2026-05-10 22:08:42,339 [WARN] TasksAndQueuesTab:775 - max value is: 3840.0
2026-05-10 22:08:42,339 [INFO] TasksAndQueuesTab:757 - Dynamic
2026-05-10 22:08:42,339 [WARN] TasksAndQueuesTab:763 - 1024 128
2026-05-10 22:08:42,339 [WARN] TasksAndQueuesTab:775 - max value is: 3840.0
2026-05-10 22:08:42,339 [INFO] TasksAndQueuesTab:757 - Dynamic
2026-05-10 22:08:42,339 [WARN] TasksAndQueuesTab:763 - 1024 128
2026-05-10 22:08:42,339 [WARN] TasksAndQueuesTab:775 - max value is: 3840.0
2026-05-10 22:08:58,385 [INFO] TasksAndQueuesTab:757 - Dynamic
2026-05-10 22:08:58,386 [WARN] TasksAndQueuesTab:763 - 128 128
2026-05-10 22:08:58,386 [WARN] TasksAndQueuesTab:775 - max value is: 3840.0
2026-05-10 22:08:58,386 [INFO] TasksAndQueuesTab:757 - Dynamic
2026-05-10 22:08:58,387 [WARN] TasksAndQueuesTab:763 - 512 128
2026-05-10 22:08:58,387 [WARN] TasksAndQueuesTab:775 - max value is: 3840.0
2026-05-10 22:08:58,387 [INFO] TasksAndQueuesTab:757 - Dynamic
2026-05-10 22:08:58,387 [WARN] TasksAndQueuesTab:763 - 2048 128
2026-05-10 22:08:58,387 [WARN] TasksAndQueuesTab:775 - max value is: 3840.0
2026-05-10 22:08:58,387 [INFO] TasksAndQueuesTab:757 - Dynamic
2026-05-10 22:08:58,387 [WARN] TasksAndQueuesTab:763 - 2048 128
2026-05-10 22:08:58,387 [WARN] TasksAndQueuesTab:775 - max value is: 3840.0
2026-05-10 22:08:58,387 [INFO] TasksAndQueuesTab:757 - Dynamic
2026-05-10 22:08:58,387 [WARN] TasksAndQueuesTab:763 - 2048 128
2026-05-10 22:08:58,387 [WARN] TasksAndQueuesTab:775 - max value is: 3840.0
2026-05-10 22:08:58,387 [INFO] TasksAndQueuesTab:757 - Dynamic
2026-05-10 22:08:58,387 [WARN] TasksAndQueuesTab:763 - 1024 128
2026-05-10 22:08:58,387 [WARN] TasksAndQueuesTab:775 - max value is: 3840.0
2026-05-10 22:08:58,387 [INFO] TasksAndQueuesTab:757 - Dynamic
2026-05-10 22:08:58,387 [WARN] TasksAndQueuesTab:763 - 1024 128
2026-05-10 22:08:58,387 [WARN] TasksAndQueuesTab:775 - max value is: 3840.0
2026-05-10 22:08:58,387 [INFO] TasksAndQueuesTab:757 - Dynamic
2026-05-10 22:08:58,387 [WARN] TasksAndQueuesTab:763 - 1024 128
2026-05-10 22:08:58,387 [WARN] TasksAndQueuesTab:775 - max value is: 3840.0
2026-05-10 22:08:58,387 [INFO] TasksAndQueuesTab:757 - Dynamic
2026-05-10 22:08:58,387 [WARN] TasksAndQueuesTab:763 - 1024 128
2026-05-10 22:08:58,387 [WARN] TasksAndQueuesTab:775 - max value is: 3840.0
2026-05-10 22:09:03,868 [INFO] TasksAndQueuesTab:757 - Dynamic
2026-05-10 22:09:03,869 [WARN] TasksAndQueuesTab:763 - 128 128
2026-05-10 22:09:03,869 [WARN] TasksAndQueuesTab:775 - max value is: 3840.0
2026-05-10 22:09:03,869 [INFO] TasksAndQueuesTab:757 - Dynamic
2026-05-10 22:09:03,869 [WARN] TasksAndQueuesTab:763 - 512 128
2026-05-10 22:09:03,869 [WARN] TasksAndQueuesTab:775 - max value is: 3840.0
2026-05-10 22:09:03,869 [INFO] TasksAndQueuesTab:757 - Dynamic
2026-05-10 22:09:03,869 [WARN] TasksAndQueuesTab:763 - 2048 128
2026-05-10 22:09:03,869 [WARN] TasksAndQueuesTab:775 - max value is: 3840.0
2026-05-10 22:09:03,869 [INFO] TasksAndQueuesTab:757 - Dynamic
2026-05-10 22:09:03,869 [WARN] TasksAndQueuesTab:763 - 2048 128
2026-05-10 22:09:03,869 [WARN] TasksAndQueuesTab:775 - max value is: 3840.0
2026-05-10 22:09:03,869 [INFO] TasksAndQueuesTab:757 - Dynamic
2026-05-10 22:09:03,869 [WARN] TasksAndQueuesTab:763 - 2048 128
2026-05-10 22:09:03,870 [WARN] TasksAndQueuesTab:775 - max value is: 3840.0
2026-05-10 22:09:03,870 [INFO] TasksAndQueuesTab:757 - Dynamic
2026-05-10 22:09:03,870 [WARN] TasksAndQueuesTab:763 - 1024 128
2026-05-10 22:09:03,870 [WARN] TasksAndQueuesTab:775 - max value is: 3840.0
2026-05-10 22:09:03,870 [INFO] TasksAndQueuesTab:757 - Dynamic
2026-05-10 22:09:03,870 [WARN] TasksAndQueuesTab:763 - 1024 128
2026-05-10 22:09:03,870 [WARN] TasksAndQueuesTab:775 - max value is: 3840.0
2026-05-10 22:09:03,870 [INFO] TasksAndQueuesTab:757 - Dynamic
2026-05-10 22:09:03,870 [WARN] TasksAndQueuesTab:763 - 1024 128
2026-05-10 22:09:03,870 [WARN] TasksAndQueuesTab:775 - max value is: 3840.0
2026-05-10 22:09:03,870 [INFO] TasksAndQueuesTab:757 - Dynamic
2026-05-10 22:09:03,871 [WARN] TasksAndQueuesTab:763 - 1024 128
2026-05-10 22:09:03,871 [WARN] TasksAndQueuesTab:775 - max value is: 3840.0
2026-05-10 22:15:34,726 [WARN] MainPanel:289 - <html><b><center>Warning: This peripheral has no parameters to be configured<br></b></html>
2026-05-10 22:17:19,512 [ERROR] RtosPanel:558 - Can not restore the selected Tab for FREERTOS(A reason can be that the tab is no more available.)
2026-05-10 22:18:00,288 [INFO] Gpio:278 - dependency for GPIO [DEBUG, RCC]
2026-05-10 22:19:38,306 [INFO] Gpio:278 - dependency for GPIO [DEBUG, RCC]
2026-05-10 22:21:45,755 [WARN] BspModel:444 - BSP dependency skipped because of component: name='DP83848', api='BSP_COMPONENT_DRIVER'
2026-05-10 22:21:46,643 [WARN] BspModel:444 - BSP dependency skipped because of component: name='DP83848', api='BSP_COMPONENT_DRIVER'
2026-05-10 22:21:46,795 [WARN] IP:2250 - LWIP_NETIF_HOSTNAME_NAME not found: check if there is a RefParameter without a condition.
2026-05-10 22:21:46,845 [WARN] IP:2250 - LWIP_NETIF_HOSTNAME_NAME not found: check if there is a RefParameter without a condition.
2026-05-10 22:21:47,098 [WARN] IP:2250 - LWIP_NETIF_HOSTNAME_NAME not found: check if there is a RefParameter without a condition.
2026-05-10 22:22:20,650 [INFO] NvicIntPanel:101 - NVIC parent = com.st.microxplorer.plugins.ip.nvic.MultiNvicIntPanel[,0,0,450x318,layout=javax.swing.BoxLayout,alignmentX=0.0,alignmentY=0.0,border=,flags=9,maximumSize=,minimumSize=,preferredSize=]
2026-05-10 22:22:23,732 [INFO] NvicIntPanel:101 - NVIC parent = com.st.microxplorer.plugins.ip.nvic.MultiNvicIntPanel[,0,0,0x0,invalid,layout=javax.swing.BoxLayout,alignmentX=0.0,alignmentY=0.0,border=,flags=9,maximumSize=,minimumSize=,preferredSize=]
2026-05-10 22:22:24,017 [INFO] NvicIntPanel:101 - NVIC parent = com.st.microxplorer.plugins.ip.nvic.MultiNvicIntPanel[,0,0,0x0,invalid,layout=javax.swing.BoxLayout,alignmentX=0.0,alignmentY=0.0,border=,flags=9,maximumSize=,minimumSize=,preferredSize=]
2026-05-10 22:22:46,977 [WARN] IP:2250 - LWIP_NETIF_HOSTNAME_NAME not found: check if there is a RefParameter without a condition.
2026-05-10 22:23:01,670 [WARN] IP:2250 - LWIP_NETIF_HOSTNAME_NAME not found: check if there is a RefParameter without a condition.
2026-05-10 22:23:04,345 [WARN] IP:2250 - LWIP_NETIF_HOSTNAME_NAME not found: check if there is a RefParameter without a condition.
2026-05-10 22:23:06,200 [WARN] IP:2250 - LWIP_NETIF_HOSTNAME_NAME not found: check if there is a RefParameter without a condition.
2026-05-10 22:23:07,601 [WARN] IP:2250 - LWIP_NETIF_HOSTNAME_NAME not found: check if there is a RefParameter without a condition.
2026-05-10 22:23:08,984 [WARN] IP:2250 - LWIP_NETIF_HOSTNAME_NAME not found: check if there is a RefParameter without a condition.
2026-05-10 22:23:09,752 [WARN] IP:2250 - LWIP_NETIF_HOSTNAME_NAME not found: check if there is a RefParameter without a condition.
2026-05-10 22:23:10,892 [WARN] IP:2250 - LWIP_NETIF_HOSTNAME_NAME not found: check if there is a RefParameter without a condition.
2026-05-10 22:23:12,334 [WARN] IP:2250 - LWIP_NETIF_HOSTNAME_NAME not found: check if there is a RefParameter without a condition.
2026-05-10 22:23:13,986 [WARN] IP:2250 - LWIP_NETIF_HOSTNAME_NAME not found: check if there is a RefParameter without a condition.
2026-05-10 22:23:15,924 [WARN] IP:2250 - LWIP_NETIF_HOSTNAME_NAME not found: check if there is a RefParameter without a condition.
2026-05-10 22:23:18,190 [WARN] IP:2250 - LWIP_NETIF_HOSTNAME_NAME not found: check if there is a RefParameter without a condition.
2026-05-10 22:23:19,172 [WARN] IP:2250 - LWIP_NETIF_HOSTNAME_NAME not found: check if there is a RefParameter without a condition.
2026-05-10 22:24:59,437 [WARN] BspModel:444 - BSP dependency skipped because of component: name='DP83848', api='BSP_COMPONENT_DRIVER'
2026-05-10 22:24:59,725 [WARN] BspModel:444 - BSP dependency skipped because of component: name='DP83848', api='BSP_COMPONENT_DRIVER'
2026-05-10 22:25:15,855 [INFO] NvicIntPanel:101 - NVIC parent = com.st.microxplorer.plugins.ip.nvic.MultiNvicIntPanel[,0,0,450x318,layout=javax.swing.BoxLayout,alignmentX=0.0,alignmentY=0.0,border=,flags=9,maximumSize=,minimumSize=,preferredSize=]
2026-05-10 22:25:39,786 [INFO] NvicIntPanel:101 - NVIC parent = com.st.microxplorer.plugins.ip.nvic.MultiNvicIntPanel[,0,0,0x0,invalid,layout=javax.swing.BoxLayout,alignmentX=0.0,alignmentY=0.0,border=,flags=9,maximumSize=,minimumSize=,preferredSize=]
2026-05-10 22:25:53,924 [INFO] NvicIntPanel:101 - NVIC parent = com.st.microxplorer.plugins.ip.nvic.MultiNvicIntPanel[,0,0,0x0,invalid,layout=javax.swing.BoxLayout,alignmentX=0.0,alignmentY=0.0,border=,flags=9,maximumSize=,minimumSize=,preferredSize=]
2026-05-10 22:26:01,640 [INFO] NvicIntPanel:101 - NVIC parent = com.st.microxplorer.plugins.ip.nvic.MultiNvicIntPanel[,0,0,0x0,invalid,layout=javax.swing.BoxLayout,alignmentX=0.0,alignmentY=0.0,border=,flags=9,maximumSize=,minimumSize=,preferredSize=]
2026-05-10 22:26:28,567 [INFO] NvicIntPanel:101 - NVIC parent = com.st.microxplorer.plugins.ip.nvic.MultiNvicIntPanel[,0,0,0x0,invalid,layout=javax.swing.BoxLayout,alignmentX=0.0,alignmentY=0.0,border=,flags=9,maximumSize=,minimumSize=,preferredSize=]
2026-05-10 22:26:50,520 [INFO] NvicIntPanel:101 - NVIC parent = com.st.microxplorer.plugins.ip.nvic.MultiNvicIntPanel[,0,0,0x0,invalid,layout=javax.swing.BoxLayout,alignmentX=0.0,alignmentY=0.0,border=,flags=9,maximumSize=,minimumSize=,preferredSize=]
2026-05-10 22:26:50,692 [INFO] NvicIntPanel:101 - NVIC parent = com.st.microxplorer.plugins.ip.nvic.MultiNvicIntPanel[,0,0,0x0,invalid,layout=javax.swing.BoxLayout,alignmentX=0.0,alignmentY=0.0,border=,flags=9,maximumSize=,minimumSize=,preferredSize=]
2026-05-10 22:30:48,187 [WARN] BspModel:444 - BSP dependency skipped because of component: name='DP83848', api='BSP_COMPONENT_DRIVER'
2026-05-10 22:31:06,620 [INFO] NvicIntPanel:101 - NVIC parent = com.st.microxplorer.plugins.ip.nvic.MultiNvicIntPanel[,0,0,450x318,layout=javax.swing.BoxLayout,alignmentX=0.0,alignmentY=0.0,border=,flags=9,maximumSize=,minimumSize=,preferredSize=]
2026-05-10 22:31:08,627 [INFO] NvicIntPanel:101 - NVIC parent = com.st.microxplorer.plugins.ip.nvic.MultiNvicIntPanel[,0,0,0x0,invalid,layout=javax.swing.BoxLayout,alignmentX=0.0,alignmentY=0.0,border=,flags=9,maximumSize=,minimumSize=,preferredSize=]
2026-05-10 22:31:32,664 [WARN] BspModel:444 - BSP dependency skipped because of component: name='DP83848', api='BSP_COMPONENT_DRIVER'
2026-05-10 22:33:34,814 [WARN] BspModel:444 - BSP dependency skipped because of component: name='DP83848', api='BSP_COMPONENT_DRIVER'
2026-05-10 22:33:34,928 [WARN] IP:2250 - ClockDivider not found: check if there is a RefParameter without a condition.
2026-05-10 22:33:34,930 [WARN] IP:2250 - ClockDividerCCU not found: check if there is a RefParameter without a condition.
2026-05-10 22:33:34,930 [WARN] IP:2250 - MinOscClkPeriodsCCU not found: check if there is a RefParameter without a condition.
2026-05-10 22:33:34,930 [WARN] IP:2250 - TimeQuantaPerBitTimeCCU not found: check if there is a RefParameter without a condition.
2026-05-10 22:33:34,931 [WARN] IP:2250 - WatchdogStartValueCCU not found: check if there is a RefParameter without a condition.
2026-05-10 22:33:34,949 [INFO] LogOutputStream:77 - [STDOUT_REDIRECT] Nominal 
2026-05-10 22:33:35,100 [WARN] IP:2250 - ClockDivider not found: check if there is a RefParameter without a condition.
2026-05-10 22:33:35,101 [WARN] IP:2250 - ClockDividerCCU not found: check if there is a RefParameter without a condition.
2026-05-10 22:33:35,102 [WARN] IP:2250 - MinOscClkPeriodsCCU not found: check if there is a RefParameter without a condition.
2026-05-10 22:33:35,102 [WARN] IP:2250 - TimeQuantaPerBitTimeCCU not found: check if there is a RefParameter without a condition.
2026-05-10 22:33:35,102 [WARN] IP:2250 - WatchdogStartValueCCU not found: check if there is a RefParameter without a condition.
2026-05-10 22:33:35,125 [WARN] BspModel:444 - BSP dependency skipped because of component: name='DP83848', api='BSP_COMPONENT_DRIVER'
2026-05-10 22:33:35,181 [INFO] Can:71 - Can Add PropertyChangeListener com.st.microxplorer.plugins.ip.can.Can@1b9a261b
2026-05-10 22:33:35,280 [WARN] IP:2250 - ClockDivider not found: check if there is a RefParameter without a condition.
2026-05-10 22:33:35,281 [WARN] IP:2250 - ClockDividerCCU not found: check if there is a RefParameter without a condition.
2026-05-10 22:33:35,281 [WARN] IP:2250 - MinOscClkPeriodsCCU not found: check if there is a RefParameter without a condition.
2026-05-10 22:33:35,281 [WARN] IP:2250 - TimeQuantaPerBitTimeCCU not found: check if there is a RefParameter without a condition.
2026-05-10 22:33:35,281 [WARN] IP:2250 - WatchdogStartValueCCU not found: check if there is a RefParameter without a condition.
2026-05-10 22:34:09,616 [WARN] BspModel:444 - BSP dependency skipped because of component: name='DP83848', api='BSP_COMPONENT_DRIVER'
2026-05-10 22:34:09,748 [INFO] I2sManager:658 - 3.84E8
2026-05-10 22:34:09,783 [INFO] I2sManager:195 - I2S Clock Value : 3.84E8
2026-05-10 22:34:09,953 [WARN] BspModel:444 - BSP dependency skipped because of component: name='DP83848', api='BSP_COMPONENT_DRIVER'
2026-05-10 22:34:10,435 [INFO] I2sManager:658 - 3.84E8
2026-05-10 22:34:10,439 [INFO] I2sManager:195 - I2S Clock Value : 3.84E8
2026-05-10 22:34:36,496 [INFO] I2sManager:658 - 3.84E8
2026-05-10 22:34:36,498 [INFO] I2sManager:195 - I2S Clock Value : 3.84E8
2026-05-10 22:34:36,504 [ERROR] LogOutputStream:75 - [STDERR_REDIRECT] java.lang.NullPointerException: Cannot invoke "com.st.microxplorer.plugins.ipmanager.generictreatment.model.Parameter.getCurrentValue()" because "clParameterI2sCustom" is null
2026-05-10 22:34:36,507 [ERROR] LogOutputStream:75 - [STDERR_REDIRECT] 	at com.st.microxplorer.plugins.ip.i2s.gui.I2sManager.verifyValueForAudioFreq(I2sManager.java:212)
2026-05-10 22:34:36,509 [ERROR] LogOutputStream:75 - [STDERR_REDIRECT] 	at com.st.microxplorer.plugins.ip.i2s.gui.I2sManager.clockChange(I2sManager.java:115)
2026-05-10 22:34:36,509 [ERROR] LogOutputStream:75 - [STDERR_REDIRECT] 	at com.st.microxplorer.plugins.ip.i2s.gui.I2sParametersView.<init>(I2sParametersView.java:66)
2026-05-10 22:34:36,509 [ERROR] LogOutputStream:75 - [STDERR_REDIRECT] 	at com.st.microxplorer.plugins.ip.i2s.I2s.getUI(I2s.java:50)
2026-05-10 22:34:36,509 [ERROR] LogOutputStream:75 - [STDERR_REDIRECT] 	at com.st.microxplorer.plugins.ipmanager.gui.BlockDiagram.createIpPanel(BlockDiagram.java:402)
2026-05-10 22:34:36,509 [ERROR] LogOutputStream:75 - [STDERR_REDIRECT] 	at com.st.microxplorer.plugins.ipmanager.gui.BlockDiagram.getIPConfigPanel(BlockDiagram.java:552)
2026-05-10 22:34:36,510 [ERROR] LogOutputStream:75 - [STDERR_REDIRECT] 	at com.st.microxplorer.plugins.ipmanager.gui.BlockDiagram.getIPConfigPanel(BlockDiagram.java:458)
2026-05-10 22:34:36,511 [ERROR] LogOutputStream:75 - [STDERR_REDIRECT] 	at com.st.microxplorer.plugins.ipmanager.gui.BlockDiagram.propertyChange(BlockDiagram.java:1357)
2026-05-10 22:34:36,511 [ERROR] LogOutputStream:75 - [STDERR_REDIRECT] 	at java.desktop/java.beans.PropertyChangeSupport.fire(PropertyChangeSupport.java:343)
2026-05-10 22:34:36,511 [ERROR] LogOutputStream:75 - [STDERR_REDIRECT] 	at java.desktop/java.beans.PropertyChangeSupport.firePropertyChange(PropertyChangeSupport.java:335)
2026-05-10 22:34:36,511 [ERROR] LogOutputStream:75 - [STDERR_REDIRECT] 	at com.st.microxplorer.mxsystem.MxSystem.propertyChange(MxSystem.java:473)
2026-05-10 22:34:36,511 [ERROR] LogOutputStream:75 - [STDERR_REDIRECT] 	at java.desktop/java.beans.PropertyChangeSupport.fire(PropertyChangeSupport.java:343)
2026-05-10 22:34:36,511 [ERROR] LogOutputStream:75 - [STDERR_REDIRECT] 	at java.desktop/java.beans.PropertyChangeSupport.firePropertyChange(PropertyChangeSupport.java:335)
2026-05-10 22:34:36,512 [ERROR] LogOutputStream:75 - [STDERR_REDIRECT] 	at com.st.microxplorer.mcu.Mcu.propertyChange(Mcu.java:1728)
2026-05-10 22:34:36,512 [ERROR] LogOutputStream:75 - [STDERR_REDIRECT] 	at java.desktop/java.beans.PropertyChangeSupport.fire(PropertyChangeSupport.java:343)
2026-05-10 22:34:36,513 [ERROR] LogOutputStream:75 - [STDERR_REDIRECT] 	at java.desktop/java.beans.PropertyChangeSupport.firePropertyChange(PropertyChangeSupport.java:335)
2026-05-10 22:34:36,513 [ERROR] LogOutputStream:75 - [STDERR_REDIRECT] 	at java.desktop/java.beans.PropertyChangeSupport.firePropertyChange(PropertyChangeSupport.java:268)
2026-05-10 22:34:36,513 [ERROR] LogOutputStream:75 - [STDERR_REDIRECT] 	at com.st.microxplorer.util.MXPropertyChangeSupport.firePropertyChange(MXPropertyChangeSupport.java:54)
2026-05-10 22:34:36,514 [ERROR] LogOutputStream:75 - [STDERR_REDIRECT] 	at com.st.microxplorer.mcu.IP.setParameterValueNoCheckOnDefault(IP.java:3532)
2026-05-10 22:34:36,514 [ERROR] LogOutputStream:75 - [STDERR_REDIRECT] 	at com.st.microxplorer.mcu.IP.setParameterValueNoCheckOnDefault(IP.java:3503)
2026-05-10 22:34:36,514 [ERROR] LogOutputStream:75 - [STDERR_REDIRECT] 	at com.st.microxplorer.mcu.IP.setParameterDisplayValueNoCheckOnDefault(IP.java:3482)
2026-05-10 22:34:36,514 [ERROR] LogOutputStream:75 - [STDERR_REDIRECT] 	at com.st.microxplorer.plugins.ipmanager.generictreatment.model.ParamManager.setParameter(ParamManager.java:511)
2026-05-10 22:34:36,514 [ERROR] LogOutputStream:75 - [STDERR_REDIRECT] 	at com.st.microxplorer.plugins.ipmanager.generictreatment.gui.IpParametersView.verifyFieldAction(IpParametersView.java:1035)
2026-05-10 22:34:36,515 [ERROR] LogOutputStream:75 - [STDERR_REDIRECT] 	at com.st.microxplorer.plugins.ip.i2s.gui.I2sParametersView.verifyFieldAction(I2sParametersView.java:91)
2026-05-10 22:34:36,515 [ERROR] LogOutputStream:75 - [STDERR_REDIRECT] 	at com.st.microxplorer.plugins.ipmanager.generictreatment.gui.IpParametersView$3.propertyChange(IpParametersView.java:169)
2026-05-10 22:34:36,515 [ERROR] LogOutputStream:75 - [STDERR_REDIRECT] 	at java.desktop/java.beans.PropertyChangeSupport.fire(PropertyChangeSupport.java:343)
2026-05-10 22:34:36,515 [ERROR] LogOutputStream:75 - [STDERR_REDIRECT] 	at java.desktop/java.beans.PropertyChangeSupport.firePropertyChange(PropertyChangeSupport.java:335)
2026-05-10 22:34:36,515 [ERROR] LogOutputStream:75 - [STDERR_REDIRECT] 	at com.l2fprod.common.propertysheet.PropertySheetTableModel.propertyChange(PropertySheetTableModel.java:382)
2026-05-10 22:34:36,516 [ERROR] LogOutputStream:75 - [STDERR_REDIRECT] 	at java.desktop/java.beans.PropertyChangeSupport.fire(PropertyChangeSupport.java:343)
2026-05-10 22:34:36,516 [ERROR] LogOutputStream:75 - [STDERR_REDIRECT] 	at java.desktop/java.beans.PropertyChangeSupport.firePropertyChange(PropertyChangeSupport.java:335)
2026-05-10 22:34:36,516 [ERROR] LogOutputStream:75 - [STDERR_REDIRECT] 	at java.desktop/java.beans.PropertyChangeSupport.firePropertyChange(PropertyChangeSupport.java:268)
2026-05-10 22:34:36,517 [ERROR] LogOutputStream:75 - [STDERR_REDIRECT] 	at com.l2fprod.common.propertysheet.AbstractProperty.firePropertyChange(AbstractProperty.java:78)
2026-05-10 22:34:36,518 [ERROR] LogOutputStream:75 - [STDERR_REDIRECT] 	at com.l2fprod.common.propertysheet.AbstractProperty.setValue(AbstractProperty.java:54)
2026-05-10 22:34:36,518 [ERROR] LogOutputStream:75 - [STDERR_REDIRECT] 	at com.l2fprod.common.propertysheet.DefaultProperty.setValue(DefaultProperty.java:136)
2026-05-10 22:34:36,520 [ERROR] LogOutputStream:75 - [STDERR_REDIRECT] 	at com.st.microxplorer.plugins.ipmanager.generictreatment.model.ParameterProperty.setValue(ParameterProperty.java:157)
2026-05-10 22:34:36,520 [ERROR] LogOutputStream:75 - [STDERR_REDIRECT] 	at com.l2fprod.common.propertysheet.PropertySheetTableModel.setValueAt(PropertySheetTableModel.java:361)
2026-05-10 22:34:36,521 [ERROR] LogOutputStream:75 - [STDERR_REDIRECT] 	at java.desktop/javax.swing.JTable.setValueAt(JTable.java:2793)
2026-05-10 22:34:36,521 [ERROR] LogOutputStream:75 - [STDERR_REDIRECT] 	at java.desktop/javax.swing.JTable.editingStopped(JTable.java:4791)
2026-05-10 22:34:36,521 [ERROR] LogOutputStream:75 - [STDERR_REDIRECT] 	at java.desktop/javax.swing.AbstractCellEditor.fireEditingStopped(AbstractCellEditor.java:152)
2026-05-10 22:34:36,521 [ERROR] LogOutputStream:75 - [STDERR_REDIRECT] 	at com.l2fprod.common.propertysheet.CellEditorAdapter.stopCellEditing(CellEditorAdapter.java:152)
2026-05-10 22:34:36,521 [ERROR] LogOutputStream:75 - [STDERR_REDIRECT] 	at com.l2fprod.common.propertysheet.CellEditorAdapter$1.propertyChange(CellEditorAdapter.java:104)
2026-05-10 22:34:36,521 [ERROR] LogOutputStream:75 - [STDERR_REDIRECT] 	at java.desktop/java.beans.PropertyChangeSupport.fire(PropertyChangeSupport.java:343)
2026-05-10 22:34:36,522 [ERROR] LogOutputStream:75 - [STDERR_REDIRECT] 	at java.desktop/java.beans.PropertyChangeSupport.firePropertyChange(PropertyChangeSupport.java:335)
2026-05-10 22:34:36,522 [ERROR] LogOutputStream:75 - [STDERR_REDIRECT] 	at java.desktop/java.beans.PropertyChangeSupport.firePropertyChange(PropertyChangeSupport.java:268)
2026-05-10 22:34:36,522 [ERROR] LogOutputStream:75 - [STDERR_REDIRECT] 	at com.l2fprod.common.beans.editor.AbstractPropertyEditor.firePropertyChange(AbstractPropertyEditor.java:61)
2026-05-10 22:34:36,522 [ERROR] LogOutputStream:75 - [STDERR_REDIRECT] 	at com.st.components.swing.ComboBoxEditor.itemStateChanged(ComboBoxEditor.java:89)
2026-05-10 22:34:36,522 [ERROR] LogOutputStream:75 - [STDERR_REDIRECT] 	at java.desktop/javax.swing.JComboBox.fireItemStateChanged(JComboBox.java:1257)
2026-05-10 22:34:36,522 [ERROR] LogOutputStream:75 - [STDERR_REDIRECT] 	at java.desktop/javax.swing.JComboBox.selectedItemChanged(JComboBox.java:1318)
2026-05-10 22:34:36,522 [ERROR] LogOutputStream:75 - [STDERR_REDIRECT] 	at java.desktop/javax.swing.JComboBox.contentsChanged(JComboBox.java:1365)
2026-05-10 22:34:36,523 [ERROR] LogOutputStream:75 - [STDERR_REDIRECT] 	at java.desktop/javax.swing.AbstractListModel.fireContentsChanged(AbstractListModel.java:127)
2026-05-10 22:34:36,523 [ERROR] LogOutputStream:75 - [STDERR_REDIRECT] 	at java.desktop/javax.swing.DefaultComboBoxModel.setSelectedItem(DefaultComboBoxModel.java:94)
2026-05-10 22:34:36,523 [ERROR] LogOutputStream:75 - [STDERR_REDIRECT] 	at java.desktop/javax.swing.JComboBox.setSelectedItem(JComboBox.java:609)
2026-05-10 22:34:36,524 [ERROR] LogOutputStream:75 - [STDERR_REDIRECT] 	at com.st.components.swing.ComboBoxEditor$1.setSelectedItem(ComboBoxEditor.java:51)
2026-05-10 22:34:36,524 [ERROR] LogOutputStream:75 - [STDERR_REDIRECT] 	at java.desktop/javax.swing.JComboBox.setSelectedIndex(JComboBox.java:654)
2026-05-10 22:34:36,525 [ERROR] LogOutputStream:75 - [STDERR_REDIRECT] 	at java.desktop/javax.swing.plaf.basic.BasicComboPopup$Handler.mouseReleased(BasicComboPopup.java:946)
2026-05-10 22:34:36,525 [ERROR] LogOutputStream:75 - [STDERR_REDIRECT] 	at java.desktop/java.awt.AWTEventMulticaster.mouseReleased(AWTEventMulticaster.java:298)
2026-05-10 22:34:36,525 [ERROR] LogOutputStream:75 - [STDERR_REDIRECT] 	at java.desktop/java.awt.AWTEventMulticaster.mouseReleased(AWTEventMulticaster.java:297)
2026-05-10 22:34:36,525 [ERROR] LogOutputStream:75 - [STDERR_REDIRECT] 	at java.desktop/java.awt.Component.processMouseEvent(Component.java:6621)
2026-05-10 22:34:36,526 [ERROR] LogOutputStream:75 - [STDERR_REDIRECT] 	at java.desktop/javax.swing.JComponent.processMouseEvent(JComponent.java:3398)
2026-05-10 22:34:36,526 [ERROR] LogOutputStream:75 - [STDERR_REDIRECT] 	at java.desktop/javax.swing.plaf.basic.BasicComboPopup$1.processMouseEvent(BasicComboPopup.java:551)
2026-05-10 22:34:36,526 [ERROR] LogOutputStream:75 - [STDERR_REDIRECT] 	at java.desktop/java.awt.Component.processEvent(Component.java:6386)
2026-05-10 22:34:36,526 [ERROR] LogOutputStream:75 - [STDERR_REDIRECT] 	at java.desktop/java.awt.Container.processEvent(Container.java:2266)
2026-05-10 22:34:36,526 [ERROR] LogOutputStream:75 - [STDERR_REDIRECT] 	at java.desktop/java.awt.Component.dispatchEventImpl(Component.java:4996)
2026-05-10 22:34:36,527 [ERROR] LogOutputStream:75 - [STDERR_REDIRECT] 	at java.desktop/java.awt.Container.dispatchEventImpl(Container.java:2324)
2026-05-10 22:34:36,527 [ERROR] LogOutputStream:75 - [STDERR_REDIRECT] 	at java.desktop/java.awt.Component.dispatchEvent(Component.java:4828)
2026-05-10 22:34:36,527 [ERROR] LogOutputStream:75 - [STDERR_REDIRECT] 	at java.desktop/java.awt.LightweightDispatcher.retargetMouseEvent(Container.java:4948)
2026-05-10 22:34:36,528 [ERROR] LogOutputStream:75 - [STDERR_REDIRECT] 	at java.desktop/java.awt.LightweightDispatcher.processMouseEvent(Container.java:4575)
2026-05-10 22:34:36,530 [ERROR] LogOutputStream:75 - [STDERR_REDIRECT] 	at java.desktop/java.awt.LightweightDispatcher.dispatchEvent(Container.java:4516)
2026-05-10 22:34:36,530 [ERROR] LogOutputStream:75 - [STDERR_REDIRECT] 	at java.desktop/java.awt.Container.dispatchEventImpl(Container.java:2310)
2026-05-10 22:34:36,530 [ERROR] LogOutputStream:75 - [STDERR_REDIRECT] 	at java.desktop/java.awt.Window.dispatchEventImpl(Window.java:2780)
2026-05-10 22:34:36,530 [ERROR] LogOutputStream:75 - [STDERR_REDIRECT] 	at java.desktop/java.awt.Component.dispatchEvent(Component.java:4828)
2026-05-10 22:34:36,530 [ERROR] LogOutputStream:75 - [STDERR_REDIRECT] 	at java.desktop/java.awt.EventQueue.dispatchEventImpl(EventQueue.java:775)
2026-05-10 22:34:36,530 [ERROR] LogOutputStream:75 - [STDERR_REDIRECT] 	at java.desktop/java.awt.EventQueue$4.run(EventQueue.java:720)
2026-05-10 22:34:36,531 [ERROR] LogOutputStream:75 - [STDERR_REDIRECT] 	at java.desktop/java.awt.EventQueue$4.run(EventQueue.java:714)
2026-05-10 22:34:36,531 [ERROR] LogOutputStream:75 - [STDERR_REDIRECT] 	at java.base/java.security.AccessController.doPrivileged(AccessController.java:400)
2026-05-10 22:34:36,532 [ERROR] LogOutputStream:75 - [STDERR_REDIRECT] 	at java.base/java.security.ProtectionDomain$JavaSecurityAccessImpl.doIntersectionPrivilege(ProtectionDomain.java:87)
2026-05-10 22:34:36,532 [ERROR] LogOutputStream:75 - [STDERR_REDIRECT] 	at java.base/java.security.ProtectionDomain$JavaSecurityAccessImpl.doIntersectionPrivilege(ProtectionDomain.java:98)
2026-05-10 22:34:36,532 [ERROR] LogOutputStream:75 - [STDERR_REDIRECT] 	at java.desktop/java.awt.EventQueue$5.run(EventQueue.java:747)
2026-05-10 22:34:36,535 [ERROR] LogOutputStream:75 - [STDERR_REDIRECT] 	at java.desktop/java.awt.EventQueue$5.run(EventQueue.java:745)
2026-05-10 22:34:36,536 [ERROR] LogOutputStream:75 - [STDERR_REDIRECT] 	at java.base/java.security.AccessController.doPrivileged(AccessController.java:400)
2026-05-10 22:34:36,536 [ERROR] LogOutputStream:75 - [STDERR_REDIRECT] 	at java.base/java.security.ProtectionDomain$JavaSecurityAccessImpl.doIntersectionPrivilege(ProtectionDomain.java:87)
2026-05-10 22:34:36,537 [ERROR] LogOutputStream:75 - [STDERR_REDIRECT] 	at java.desktop/java.awt.EventQueue.dispatchEvent(EventQueue.java:744)
2026-05-10 22:34:36,537 [ERROR] LogOutputStream:75 - [STDERR_REDIRECT] 	at java.desktop/java.awt.EventDispatchThread.pumpOneEventForFilters(EventDispatchThread.java:203)
2026-05-10 22:34:36,537 [ERROR] LogOutputStream:75 - [STDERR_REDIRECT] 	at java.desktop/java.awt.EventDispatchThread.pumpEventsForFilter(EventDispatchThread.java:124)
2026-05-10 22:34:36,538 [ERROR] LogOutputStream:75 - [STDERR_REDIRECT] 	at java.desktop/java.awt.EventDispatchThread.pumpEventsForHierarchy(EventDispatchThread.java:113)
2026-05-10 22:34:36,538 [ERROR] LogOutputStream:75 - [STDERR_REDIRECT] 	at java.desktop/java.awt.EventDispatchThread.pumpEvents(EventDispatchThread.java:109)
2026-05-10 22:34:36,538 [ERROR] LogOutputStream:75 - [STDERR_REDIRECT] 	at java.desktop/java.awt.EventDispatchThread.pumpEvents(EventDispatchThread.java:101)
2026-05-10 22:34:36,538 [ERROR] LogOutputStream:75 - [STDERR_REDIRECT] 	at java.desktop/java.awt.EventDispatchThread.run(EventDispatchThread.java:90)
2026-05-10 22:34:41,540 [INFO] I2sManager:658 - 3.84E8
2026-05-10 22:34:41,541 [INFO] I2sManager:195 - I2S Clock Value : 3.84E8
2026-05-10 22:34:52,497 [ERROR] LogOutputStream:75 - [STDERR_REDIRECT] Exception in thread "AWT-EventQueue-0" java.lang.ClassCastException: class sun.lwawt.macosx.CViewEmbeddedFrame cannot be cast to class javax.swing.JFrame (sun.lwawt.macosx.CViewEmbeddedFrame and javax.swing.JFrame are in module java.desktop of loader 'bootstrap')
2026-05-10 22:34:52,507 [ERROR] LogOutputStream:75 - [STDERR_REDIRECT] 	at com.st.microxplorer.plugins.clock.ClockConfigurationView.activatePlugin(ClockConfigurationView.java:424)
2026-05-10 22:34:52,508 [ERROR] LogOutputStream:75 - [STDERR_REDIRECT] 	at com.st.microxplorer.maingui.MainPanel$1.stateChanged(MainPanel.java:385)
2026-05-10 22:34:52,508 [ERROR] LogOutputStream:75 - [STDERR_REDIRECT] 	at java.desktop/javax.swing.JTabbedPane.fireStateChanged(JTabbedPane.java:446)
2026-05-10 22:34:52,508 [ERROR] LogOutputStream:75 - [STDERR_REDIRECT] 	at java.desktop/javax.swing.JTabbedPane$ModelListener.stateChanged(JTabbedPane.java:297)
2026-05-10 22:34:52,508 [ERROR] LogOutputStream:75 - [STDERR_REDIRECT] 	at java.desktop/javax.swing.DefaultSingleSelectionModel.fireStateChanged(DefaultSingleSelectionModel.java:148)
2026-05-10 22:34:52,509 [ERROR] LogOutputStream:75 - [STDERR_REDIRECT] 	at java.desktop/javax.swing.DefaultSingleSelectionModel.setSelectedIndex(DefaultSingleSelectionModel.java:79)
2026-05-10 22:34:52,509 [ERROR] LogOutputStream:75 - [STDERR_REDIRECT] 	at java.desktop/javax.swing.JTabbedPane.setSelectedIndexImpl(JTabbedPane.java:650)
2026-05-10 22:34:52,509 [ERROR] LogOutputStream:75 - [STDERR_REDIRECT] 	at java.desktop/javax.swing.JTabbedPane.setSelectedIndex(JTabbedPane.java:625)
2026-05-10 22:34:52,509 [ERROR] LogOutputStream:75 - [STDERR_REDIRECT] 	at java.desktop/javax.swing.plaf.basic.BasicTabbedPaneUI$Handler.mousePressed(BasicTabbedPaneUI.java:4140)
2026-05-10 22:34:52,509 [ERROR] LogOutputStream:75 - [STDERR_REDIRECT] 	at java.desktop/java.awt.Component.processMouseEvent(Component.java:6618)
2026-05-10 22:34:52,509 [ERROR] LogOutputStream:75 - [STDERR_REDIRECT] 	at java.desktop/javax.swing.JComponent.processMouseEvent(JComponent.java:3398)
2026-05-10 22:34:52,509 [ERROR] LogOutputStream:75 - [STDERR_REDIRECT] 	at java.desktop/java.awt.Component.processEvent(Component.java:6386)
2026-05-10 22:34:52,509 [ERROR] LogOutputStream:75 - [STDERR_REDIRECT] 	at java.desktop/java.awt.Container.processEvent(Container.java:2266)
2026-05-10 22:34:52,510 [ERROR] LogOutputStream:75 - [STDERR_REDIRECT] 	at java.desktop/java.awt.Component.dispatchEventImpl(Component.java:4996)
2026-05-10 22:34:52,510 [ERROR] LogOutputStream:75 - [STDERR_REDIRECT] 	at java.desktop/java.awt.Container.dispatchEventImpl(Container.java:2324)
2026-05-10 22:34:52,510 [ERROR] LogOutputStream:75 - [STDERR_REDIRECT] 	at java.desktop/java.awt.Component.dispatchEvent(Component.java:4828)
2026-05-10 22:34:52,510 [ERROR] LogOutputStream:75 - [STDERR_REDIRECT] 	at java.desktop/java.awt.LightweightDispatcher.retargetMouseEvent(Container.java:4948)
2026-05-10 22:34:52,510 [ERROR] LogOutputStream:75 - [STDERR_REDIRECT] 	at java.desktop/java.awt.LightweightDispatcher.processMouseEvent(Container.java:4572)
2026-05-10 22:34:52,511 [ERROR] LogOutputStream:75 - [STDERR_REDIRECT] 	at java.desktop/java.awt.LightweightDispatcher.dispatchEvent(Container.java:4516)
2026-05-10 22:34:52,511 [ERROR] LogOutputStream:75 - [STDERR_REDIRECT] 	at java.desktop/java.awt.Container.dispatchEventImpl(Container.java:2310)
2026-05-10 22:34:52,511 [ERROR] LogOutputStream:75 - [STDERR_REDIRECT] 	at java.desktop/java.awt.Component.dispatchEvent(Component.java:4828)
2026-05-10 22:34:52,511 [ERROR] LogOutputStream:75 - [STDERR_REDIRECT] 	at java.desktop/java.awt.EventQueue.dispatchEventImpl(EventQueue.java:775)
2026-05-10 22:34:52,511 [ERROR] LogOutputStream:75 - [STDERR_REDIRECT] 	at java.desktop/java.awt.EventQueue$4.run(EventQueue.java:720)
2026-05-10 22:34:52,511 [ERROR] LogOutputStream:75 - [STDERR_REDIRECT] 	at java.desktop/java.awt.EventQueue$4.run(EventQueue.java:714)
2026-05-10 22:34:52,512 [ERROR] LogOutputStream:75 - [STDERR_REDIRECT] 	at java.base/java.security.AccessController.doPrivileged(AccessController.java:400)
2026-05-10 22:34:52,512 [ERROR] LogOutputStream:75 - [STDERR_REDIRECT] 	at java.base/java.security.ProtectionDomain$JavaSecurityAccessImpl.doIntersectionPrivilege(ProtectionDomain.java:87)
2026-05-10 22:34:52,512 [ERROR] LogOutputStream:75 - [STDERR_REDIRECT] 	at java.base/java.security.ProtectionDomain$JavaSecurityAccessImpl.doIntersectionPrivilege(ProtectionDomain.java:98)
2026-05-10 22:34:52,515 [ERROR] LogOutputStream:75 - [STDERR_REDIRECT] 	at java.desktop/java.awt.EventQueue$5.run(EventQueue.java:747)
2026-05-10 22:34:52,517 [ERROR] LogOutputStream:75 - [STDERR_REDIRECT] 	at java.desktop/java.awt.EventQueue$5.run(EventQueue.java:745)
2026-05-10 22:34:52,518 [ERROR] LogOutputStream:75 - [STDERR_REDIRECT] 	at java.base/java.security.AccessController.doPrivileged(AccessController.java:400)
2026-05-10 22:34:52,518 [ERROR] LogOutputStream:75 - [STDERR_REDIRECT] 	at java.base/java.security.ProtectionDomain$JavaSecurityAccessImpl.doIntersectionPrivilege(ProtectionDomain.java:87)
2026-05-10 22:34:52,518 [ERROR] LogOutputStream:75 - [STDERR_REDIRECT] 	at java.desktop/java.awt.EventQueue.dispatchEvent(EventQueue.java:744)
2026-05-10 22:34:52,519 [ERROR] LogOutputStream:75 - [STDERR_REDIRECT] 	at java.desktop/java.awt.EventDispatchThread.pumpOneEventForFilters(EventDispatchThread.java:203)
2026-05-10 22:34:52,519 [ERROR] LogOutputStream:75 - [STDERR_REDIRECT] 	at java.desktop/java.awt.EventDispatchThread.pumpEventsForFilter(EventDispatchThread.java:124)
2026-05-10 22:34:52,519 [ERROR] LogOutputStream:75 - [STDERR_REDIRECT] 	at java.desktop/java.awt.EventDispatchThread.pumpEventsForHierarchy(EventDispatchThread.java:113)
2026-05-10 22:34:52,519 [ERROR] LogOutputStream:75 - [STDERR_REDIRECT] 	at java.desktop/java.awt.EventDispatchThread.pumpEvents(EventDispatchThread.java:109)
2026-05-10 22:34:52,519 [ERROR] LogOutputStream:75 - [STDERR_REDIRECT] 	at java.desktop/java.awt.EventDispatchThread.pumpEvents(EventDispatchThread.java:101)
2026-05-10 22:34:52,519 [ERROR] LogOutputStream:75 - [STDERR_REDIRECT] 	at java.desktop/java.awt.EventDispatchThread.run(EventDispatchThread.java:90)
2026-05-10 22:35:53,361 [INFO] I2sManager:658 - 8.0E7
2026-05-10 22:35:53,372 [INFO] I2sManager:195 - I2S Clock Value : 8.0E7
2026-05-10 22:35:53,403 [INFO] I2sManager:553 - AudioClock : 16025Divider : 78Odd : 0
2026-05-10 22:35:53,640 [INFO] LogOutputStream:77 - [STDOUT_REDIRECT] Nominal 
2026-05-10 22:35:53,720 [WARN] IP:2250 - ClockDivider not found: check if there is a RefParameter without a condition.
2026-05-10 22:35:53,720 [WARN] IP:2250 - ClockDividerCCU not found: check if there is a RefParameter without a condition.
2026-05-10 22:35:53,720 [WARN] IP:2250 - MinOscClkPeriodsCCU not found: check if there is a RefParameter without a condition.
2026-05-10 22:35:53,721 [WARN] IP:2250 - TimeQuantaPerBitTimeCCU not found: check if there is a RefParameter without a condition.
2026-05-10 22:35:53,721 [WARN] IP:2250 - WatchdogStartValueCCU not found: check if there is a RefParameter without a condition.
2026-05-10 22:35:53,768 [INFO] I2sManager:658 - 8.0E7
2026-05-10 22:35:53,768 [INFO] I2sManager:195 - I2S Clock Value : 8.0E7
2026-05-10 22:35:53,769 [INFO] I2sManager:553 - AudioClock : 16025Divider : 78Odd : 0
2026-05-10 22:35:53,901 [WARN] IP:2250 - ClockDivider not found: check if there is a RefParameter without a condition.
2026-05-10 22:35:53,901 [WARN] IP:2250 - ClockDividerCCU not found: check if there is a RefParameter without a condition.
2026-05-10 22:35:53,901 [WARN] IP:2250 - MinOscClkPeriodsCCU not found: check if there is a RefParameter without a condition.
2026-05-10 22:35:53,901 [WARN] IP:2250 - TimeQuantaPerBitTimeCCU not found: check if there is a RefParameter without a condition.
2026-05-10 22:35:53,901 [WARN] IP:2250 - WatchdogStartValueCCU not found: check if there is a RefParameter without a condition.
2026-05-10 22:35:53,957 [WARN] IP:2250 - LWIP_NETIF_HOSTNAME_NAME not found: check if there is a RefParameter without a condition.
2026-05-10 22:35:53,984 [WARN] IP:2250 - LWIP_NETIF_HOSTNAME_NAME not found: check if there is a RefParameter without a condition.
2026-05-10 22:35:54,157 [INFO] I2sManager:658 - 8.0E7
2026-05-10 22:35:54,157 [INFO] I2sManager:195 - I2S Clock Value : 8.0E7
2026-05-10 22:35:54,157 [INFO] I2sManager:553 - AudioClock : 16025Divider : 78Odd : 0
2026-05-10 22:36:02,107 [WARN] IP:2250 - ClockDivider not found: check if there is a RefParameter without a condition.
2026-05-10 22:36:02,227 [WARN] IP:2250 - ClockDividerCCU not found: check if there is a RefParameter without a condition.
2026-05-10 22:36:02,298 [WARN] IP:2250 - MinOscClkPeriodsCCU not found: check if there is a RefParameter without a condition.
2026-05-10 22:36:02,305 [WARN] IP:2250 - TimeQuantaPerBitTimeCCU not found: check if there is a RefParameter without a condition.
2026-05-10 22:36:02,305 [WARN] IP:2250 - WatchdogStartValueCCU not found: check if there is a RefParameter without a condition.
2026-05-10 22:36:02,465 [WARN] IP:2250 - LWIP_NETIF_HOSTNAME_NAME not found: check if there is a RefParameter without a condition.
2026-05-10 22:36:03,083 [INFO] I2sManager:658 - 8.0E7
2026-05-10 22:36:03,084 [INFO] I2sManager:195 - I2S Clock Value : 8.0E7
2026-05-10 22:36:03,085 [INFO] I2sManager:553 - AudioClock : 16025Divider : 78Odd : 0
2026-05-10 22:36:03,315 [INFO] LogOutputStream:77 - [STDOUT_REDIRECT] Nominal 
2026-05-10 22:36:03,418 [WARN] IP:2250 - ClockDivider not found: check if there is a RefParameter without a condition.
2026-05-10 22:36:03,418 [WARN] IP:2250 - ClockDividerCCU not found: check if there is a RefParameter without a condition.
2026-05-10 22:36:03,418 [WARN] IP:2250 - MinOscClkPeriodsCCU not found: check if there is a RefParameter without a condition.
2026-05-10 22:36:03,418 [WARN] IP:2250 - TimeQuantaPerBitTimeCCU not found: check if there is a RefParameter without a condition.
2026-05-10 22:36:03,418 [WARN] IP:2250 - WatchdogStartValueCCU not found: check if there is a RefParameter without a condition.
2026-05-10 22:36:03,555 [INFO] I2sManager:658 - 8.0E7
2026-05-10 22:36:03,558 [INFO] I2sManager:195 - I2S Clock Value : 8.0E7
2026-05-10 22:36:03,558 [INFO] I2sManager:553 - AudioClock : 16025Divider : 78Odd : 0
2026-05-10 22:36:03,676 [WARN] IP:2250 - ClockDivider not found: check if there is a RefParameter without a condition.
2026-05-10 22:36:03,676 [WARN] IP:2250 - ClockDividerCCU not found: check if there is a RefParameter without a condition.
2026-05-10 22:36:03,676 [WARN] IP:2250 - MinOscClkPeriodsCCU not found: check if there is a RefParameter without a condition.
2026-05-10 22:36:03,676 [WARN] IP:2250 - TimeQuantaPerBitTimeCCU not found: check if there is a RefParameter without a condition.
2026-05-10 22:36:03,676 [WARN] IP:2250 - WatchdogStartValueCCU not found: check if there is a RefParameter without a condition.
2026-05-10 22:36:03,716 [WARN] IP:2250 - LWIP_NETIF_HOSTNAME_NAME not found: check if there is a RefParameter without a condition.
2026-05-10 22:36:03,823 [INFO] I2sManager:658 - 8.0E7
2026-05-10 22:36:03,823 [INFO] I2sManager:195 - I2S Clock Value : 8.0E7
2026-05-10 22:36:03,824 [INFO] I2sManager:553 - AudioClock : 16025Divider : 78Odd : 0
2026-05-10 22:36:04,467 [WARN] IP:2250 - ClockDivider not found: check if there is a RefParameter without a condition.
2026-05-10 22:36:04,468 [WARN] IP:2250 - ClockDividerCCU not found: check if there is a RefParameter without a condition.
2026-05-10 22:36:04,469 [WARN] IP:2250 - MinOscClkPeriodsCCU not found: check if there is a RefParameter without a condition.
2026-05-10 22:36:04,469 [WARN] IP:2250 - TimeQuantaPerBitTimeCCU not found: check if there is a RefParameter without a condition.
2026-05-10 22:36:04,469 [WARN] IP:2250 - WatchdogStartValueCCU not found: check if there is a RefParameter without a condition.
2026-05-10 22:36:04,510 [WARN] IP:2250 - LWIP_NETIF_HOSTNAME_NAME not found: check if there is a RefParameter without a condition.
2026-05-10 22:36:04,635 [INFO] I2sManager:658 - 8.0E7
2026-05-10 22:36:04,635 [INFO] I2sManager:195 - I2S Clock Value : 8.0E7
2026-05-10 22:36:04,636 [INFO] I2sManager:553 - AudioClock : 16025Divider : 78Odd : 0
2026-05-10 22:36:04,728 [INFO] LogOutputStream:77 - [STDOUT_REDIRECT] Nominal 
2026-05-10 22:36:04,947 [WARN] IP:2250 - ClockDivider not found: check if there is a RefParameter without a condition.
2026-05-10 22:36:04,956 [WARN] IP:2250 - ClockDividerCCU not found: check if there is a RefParameter without a condition.
2026-05-10 22:36:04,959 [WARN] IP:2250 - MinOscClkPeriodsCCU not found: check if there is a RefParameter without a condition.
2026-05-10 22:36:04,960 [WARN] IP:2250 - TimeQuantaPerBitTimeCCU not found: check if there is a RefParameter without a condition.
2026-05-10 22:36:04,960 [WARN] IP:2250 - WatchdogStartValueCCU not found: check if there is a RefParameter without a condition.
2026-05-10 22:36:05,835 [INFO] I2sManager:658 - 8.0E7
2026-05-10 22:36:05,872 [INFO] I2sManager:195 - I2S Clock Value : 8.0E7
2026-05-10 22:36:05,881 [INFO] I2sManager:553 - AudioClock : 16025Divider : 78Odd : 0
2026-05-10 22:36:06,044 [WARN] IP:2250 - ClockDivider not found: check if there is a RefParameter without a condition.
2026-05-10 22:36:06,048 [WARN] IP:2250 - ClockDividerCCU not found: check if there is a RefParameter without a condition.
2026-05-10 22:36:06,050 [WARN] IP:2250 - MinOscClkPeriodsCCU not found: check if there is a RefParameter without a condition.
2026-05-10 22:36:06,051 [WARN] IP:2250 - TimeQuantaPerBitTimeCCU not found: check if there is a RefParameter without a condition.
2026-05-10 22:36:06,052 [WARN] IP:2250 - WatchdogStartValueCCU not found: check if there is a RefParameter without a condition.
2026-05-10 22:36:06,105 [WARN] IP:2250 - LWIP_NETIF_HOSTNAME_NAME not found: check if there is a RefParameter without a condition.
2026-05-10 22:36:06,398 [INFO] I2sManager:658 - 8.0E7
2026-05-10 22:36:06,399 [INFO] I2sManager:195 - I2S Clock Value : 8.0E7
2026-05-10 22:36:06,399 [INFO] I2sManager:553 - AudioClock : 16025Divider : 78Odd : 0
2026-05-10 22:36:20,950 [WARN] IP:2250 - ClockDivider not found: check if there is a RefParameter without a condition.
2026-05-10 22:36:20,951 [WARN] IP:2250 - ClockDividerCCU not found: check if there is a RefParameter without a condition.
2026-05-10 22:36:20,951 [WARN] IP:2250 - MinOscClkPeriodsCCU not found: check if there is a RefParameter without a condition.
2026-05-10 22:36:20,952 [WARN] IP:2250 - TimeQuantaPerBitTimeCCU not found: check if there is a RefParameter without a condition.
2026-05-10 22:36:20,952 [WARN] IP:2250 - WatchdogStartValueCCU not found: check if there is a RefParameter without a condition.
2026-05-10 22:36:20,988 [WARN] IP:2250 - LWIP_NETIF_HOSTNAME_NAME not found: check if there is a RefParameter without a condition.
2026-05-10 22:36:21,116 [INFO] I2sManager:658 - 8.0E7
2026-05-10 22:36:21,117 [INFO] I2sManager:195 - I2S Clock Value : 8.0E7
2026-05-10 22:36:21,117 [INFO] I2sManager:553 - AudioClock : 16025Divider : 78Odd : 0
2026-05-10 22:36:21,226 [INFO] LogOutputStream:77 - [STDOUT_REDIRECT] Nominal 
2026-05-10 22:36:21,231 [INFO] I2sManager:658 - 8.0E7
2026-05-10 22:36:21,231 [INFO] I2sManager:195 - I2S Clock Value : 8.0E7
2026-05-10 22:36:21,231 [INFO] I2sManager:553 - AudioClock : 16025Divider : 78Odd : 0
2026-05-10 22:36:58,147 [ERROR] RtosPanel:558 - Can not restore the selected Tab for FREERTOS(A reason can be that the tab is no more available.)
2026-05-10 22:38:01,358 [WARN] BspModel:444 - BSP dependency skipped because of component: name='DP83848', api='BSP_COMPONENT_DRIVER'
2026-05-10 22:38:34,404 [ERROR] LogOutputStream:75 - [STDERR_REDIRECT] Exception in thread "AWT-EventQueue-0" java.lang.ClassCastException: class sun.lwawt.macosx.CViewEmbeddedFrame cannot be cast to class javax.swing.JFrame (sun.lwawt.macosx.CViewEmbeddedFrame and javax.swing.JFrame are in module java.desktop of loader 'bootstrap')
2026-05-10 22:38:34,415 [ERROR] LogOutputStream:75 - [STDERR_REDIRECT] 	at com.st.microxplorer.plugins.clock.ClockConfigurationView.activatePlugin(ClockConfigurationView.java:424)
2026-05-10 22:38:34,417 [ERROR] LogOutputStream:75 - [STDERR_REDIRECT] 	at com.st.microxplorer.maingui.MainPanel$1.stateChanged(MainPanel.java:385)
2026-05-10 22:38:34,417 [ERROR] LogOutputStream:75 - [STDERR_REDIRECT] 	at java.desktop/javax.swing.JTabbedPane.fireStateChanged(JTabbedPane.java:446)
2026-05-10 22:38:34,417 [ERROR] LogOutputStream:75 - [STDERR_REDIRECT] 	at java.desktop/javax.swing.JTabbedPane$ModelListener.stateChanged(JTabbedPane.java:297)
2026-05-10 22:38:34,417 [ERROR] LogOutputStream:75 - [STDERR_REDIRECT] 	at java.desktop/javax.swing.DefaultSingleSelectionModel.fireStateChanged(DefaultSingleSelectionModel.java:148)
2026-05-10 22:38:34,417 [ERROR] LogOutputStream:75 - [STDERR_REDIRECT] 	at java.desktop/javax.swing.DefaultSingleSelectionModel.setSelectedIndex(DefaultSingleSelectionModel.java:79)
2026-05-10 22:38:34,417 [ERROR] LogOutputStream:75 - [STDERR_REDIRECT] 	at java.desktop/javax.swing.JTabbedPane.setSelectedIndexImpl(JTabbedPane.java:650)
2026-05-10 22:38:34,417 [ERROR] LogOutputStream:75 - [STDERR_REDIRECT] 	at java.desktop/javax.swing.JTabbedPane.setSelectedIndex(JTabbedPane.java:625)
2026-05-10 22:38:34,417 [ERROR] LogOutputStream:75 - [STDERR_REDIRECT] 	at java.desktop/javax.swing.plaf.basic.BasicTabbedPaneUI$Handler.mousePressed(BasicTabbedPaneUI.java:4140)
2026-05-10 22:38:34,417 [ERROR] LogOutputStream:75 - [STDERR_REDIRECT] 	at java.desktop/java.awt.Component.processMouseEvent(Component.java:6618)
2026-05-10 22:38:34,417 [ERROR] LogOutputStream:75 - [STDERR_REDIRECT] 	at java.desktop/javax.swing.JComponent.processMouseEvent(JComponent.java:3398)
2026-05-10 22:38:34,417 [ERROR] LogOutputStream:75 - [STDERR_REDIRECT] 	at java.desktop/java.awt.Component.processEvent(Component.java:6386)
2026-05-10 22:38:34,417 [ERROR] LogOutputStream:75 - [STDERR_REDIRECT] 	at java.desktop/java.awt.Container.processEvent(Container.java:2266)
2026-05-10 22:38:34,418 [ERROR] LogOutputStream:75 - [STDERR_REDIRECT] 	at java.desktop/java.awt.Component.dispatchEventImpl(Component.java:4996)
2026-05-10 22:38:34,418 [ERROR] LogOutputStream:75 - [STDERR_REDIRECT] 	at java.desktop/java.awt.Container.dispatchEventImpl(Container.java:2324)
2026-05-10 22:38:34,418 [ERROR] LogOutputStream:75 - [STDERR_REDIRECT] 	at java.desktop/java.awt.Component.dispatchEvent(Component.java:4828)
2026-05-10 22:38:34,418 [ERROR] LogOutputStream:75 - [STDERR_REDIRECT] 	at java.desktop/java.awt.LightweightDispatcher.retargetMouseEvent(Container.java:4948)
2026-05-10 22:38:34,418 [ERROR] LogOutputStream:75 - [STDERR_REDIRECT] 	at java.desktop/java.awt.LightweightDispatcher.processMouseEvent(Container.java:4572)
2026-05-10 22:38:34,418 [ERROR] LogOutputStream:75 - [STDERR_REDIRECT] 	at java.desktop/java.awt.LightweightDispatcher.dispatchEvent(Container.java:4516)
2026-05-10 22:38:34,418 [ERROR] LogOutputStream:75 - [STDERR_REDIRECT] 	at java.desktop/java.awt.Container.dispatchEventImpl(Container.java:2310)
2026-05-10 22:38:34,418 [ERROR] LogOutputStream:75 - [STDERR_REDIRECT] 	at java.desktop/java.awt.Component.dispatchEvent(Component.java:4828)
2026-05-10 22:38:34,418 [ERROR] LogOutputStream:75 - [STDERR_REDIRECT] 	at java.desktop/java.awt.EventQueue.dispatchEventImpl(EventQueue.java:775)
2026-05-10 22:38:34,418 [ERROR] LogOutputStream:75 - [STDERR_REDIRECT] 	at java.desktop/java.awt.EventQueue$4.run(EventQueue.java:720)
2026-05-10 22:38:34,418 [ERROR] LogOutputStream:75 - [STDERR_REDIRECT] 	at java.desktop/java.awt.EventQueue$4.run(EventQueue.java:714)
2026-05-10 22:38:34,418 [ERROR] LogOutputStream:75 - [STDERR_REDIRECT] 	at java.base/java.security.AccessController.doPrivileged(AccessController.java:400)
2026-05-10 22:38:34,418 [ERROR] LogOutputStream:75 - [STDERR_REDIRECT] 	at java.base/java.security.ProtectionDomain$JavaSecurityAccessImpl.doIntersectionPrivilege(ProtectionDomain.java:87)
2026-05-10 22:38:34,419 [ERROR] LogOutputStream:75 - [STDERR_REDIRECT] 	at java.base/java.security.ProtectionDomain$JavaSecurityAccessImpl.doIntersectionPrivilege(ProtectionDomain.java:98)
2026-05-10 22:38:34,419 [ERROR] LogOutputStream:75 - [STDERR_REDIRECT] 	at java.desktop/java.awt.EventQueue$5.run(EventQueue.java:747)
2026-05-10 22:38:34,419 [ERROR] LogOutputStream:75 - [STDERR_REDIRECT] 	at java.desktop/java.awt.EventQueue$5.run(EventQueue.java:745)
2026-05-10 22:38:34,419 [ERROR] LogOutputStream:75 - [STDERR_REDIRECT] 	at java.base/java.security.AccessController.doPrivileged(AccessController.java:400)
2026-05-10 22:38:34,419 [ERROR] LogOutputStream:75 - [STDERR_REDIRECT] 	at java.base/java.security.ProtectionDomain$JavaSecurityAccessImpl.doIntersectionPrivilege(ProtectionDomain.java:87)
2026-05-10 22:38:34,419 [ERROR] LogOutputStream:75 - [STDERR_REDIRECT] 	at java.desktop/java.awt.EventQueue.dispatchEvent(EventQueue.java:744)
2026-05-10 22:38:34,419 [ERROR] LogOutputStream:75 - [STDERR_REDIRECT] 	at java.desktop/java.awt.EventDispatchThread.pumpOneEventForFilters(EventDispatchThread.java:203)
2026-05-10 22:38:34,419 [ERROR] LogOutputStream:75 - [STDERR_REDIRECT] 	at java.desktop/java.awt.EventDispatchThread.pumpEventsForFilter(EventDispatchThread.java:124)
2026-05-10 22:38:34,419 [ERROR] LogOutputStream:75 - [STDERR_REDIRECT] 	at java.desktop/java.awt.EventDispatchThread.pumpEventsForHierarchy(EventDispatchThread.java:113)
2026-05-10 22:38:34,419 [ERROR] LogOutputStream:75 - [STDERR_REDIRECT] 	at java.desktop/java.awt.EventDispatchThread.pumpEvents(EventDispatchThread.java:109)
2026-05-10 22:38:34,419 [ERROR] LogOutputStream:75 - [STDERR_REDIRECT] 	at java.desktop/java.awt.EventDispatchThread.pumpEvents(EventDispatchThread.java:101)
2026-05-10 22:38:34,419 [ERROR] LogOutputStream:75 - [STDERR_REDIRECT] 	at java.desktop/java.awt.EventDispatchThread.run(EventDispatchThread.java:90)
2026-05-10 22:38:55,128 [INFO] LogOutputStream:77 - [STDOUT_REDIRECT] Nominal 
2026-05-10 22:38:55,140 [INFO] I2sManager:658 - 8.0E7
2026-05-10 22:38:55,148 [INFO] I2sManager:195 - I2S Clock Value : 8.0E7
2026-05-10 22:38:55,149 [INFO] I2sManager:553 - AudioClock : 16025Divider : 78Odd : 0
2026-05-10 22:38:55,252 [WARN] IP:2250 - ClockDivider not found: check if there is a RefParameter without a condition.
2026-05-10 22:38:55,253 [WARN] IP:2250 - ClockDividerCCU not found: check if there is a RefParameter without a condition.
2026-05-10 22:38:55,253 [WARN] IP:2250 - MinOscClkPeriodsCCU not found: check if there is a RefParameter without a condition.
2026-05-10 22:38:55,253 [WARN] IP:2250 - TimeQuantaPerBitTimeCCU not found: check if there is a RefParameter without a condition.
2026-05-10 22:38:55,253 [WARN] IP:2250 - WatchdogStartValueCCU not found: check if there is a RefParameter without a condition.
2026-05-10 22:38:55,295 [WARN] IP:2250 - LWIP_NETIF_HOSTNAME_NAME not found: check if there is a RefParameter without a condition.
2026-05-10 22:38:55,735 [ERROR] RtosPanel:558 - Can not restore the selected Tab for FREERTOS(A reason can be that the tab is no more available.)
2026-05-10 22:38:59,943 [WARN] IP:2250 - ClockDivider not found: check if there is a RefParameter without a condition.
2026-05-10 22:38:59,947 [WARN] IP:2250 - ClockDividerCCU not found: check if there is a RefParameter without a condition.
2026-05-10 22:38:59,947 [WARN] IP:2250 - MinOscClkPeriodsCCU not found: check if there is a RefParameter without a condition.
2026-05-10 22:38:59,947 [WARN] IP:2250 - TimeQuantaPerBitTimeCCU not found: check if there is a RefParameter without a condition.
2026-05-10 22:38:59,947 [WARN] IP:2250 - WatchdogStartValueCCU not found: check if there is a RefParameter without a condition.
2026-05-10 22:38:59,985 [WARN] IP:2250 - LWIP_NETIF_HOSTNAME_NAME not found: check if there is a RefParameter without a condition.
2026-05-10 22:39:00,143 [ERROR] RtosPanel:558 - Can not restore the selected Tab for FREERTOS(A reason can be that the tab is no more available.)
2026-05-10 22:39:00,166 [INFO] LogOutputStream:77 - [STDOUT_REDIRECT] Nominal 
2026-05-10 22:39:00,260 [WARN] IP:2250 - ClockDivider not found: check if there is a RefParameter without a condition.
2026-05-10 22:39:00,262 [WARN] IP:2250 - ClockDividerCCU not found: check if there is a RefParameter without a condition.
2026-05-10 22:39:00,263 [WARN] IP:2250 - MinOscClkPeriodsCCU not found: check if there is a RefParameter without a condition.
2026-05-10 22:39:00,263 [WARN] IP:2250 - TimeQuantaPerBitTimeCCU not found: check if there is a RefParameter without a condition.
2026-05-10 22:39:00,263 [WARN] IP:2250 - WatchdogStartValueCCU not found: check if there is a RefParameter without a condition.
2026-05-10 22:39:00,303 [INFO] I2sManager:658 - 8.0E7
2026-05-10 22:39:00,303 [INFO] I2sManager:195 - I2S Clock Value : 8.0E7
2026-05-10 22:39:00,303 [INFO] I2sManager:553 - AudioClock : 16025Divider : 78Odd : 0
2026-05-10 22:39:00,554 [WARN] IP:2250 - ClockDivider not found: check if there is a RefParameter without a condition.
2026-05-10 22:39:00,565 [WARN] IP:2250 - ClockDividerCCU not found: check if there is a RefParameter without a condition.
2026-05-10 22:39:00,569 [WARN] IP:2250 - MinOscClkPeriodsCCU not found: check if there is a RefParameter without a condition.
2026-05-10 22:39:00,569 [WARN] IP:2250 - TimeQuantaPerBitTimeCCU not found: check if there is a RefParameter without a condition.
2026-05-10 22:39:00,569 [WARN] IP:2250 - WatchdogStartValueCCU not found: check if there is a RefParameter without a condition.
2026-05-10 22:39:00,628 [WARN] IP:2250 - LWIP_NETIF_HOSTNAME_NAME not found: check if there is a RefParameter without a condition.
2026-05-10 22:39:01,566 [ERROR] RtosPanel:558 - Can not restore the selected Tab for FREERTOS(A reason can be that the tab is no more available.)
2026-05-10 22:39:07,370 [WARN] IP:2250 - ClockDivider not found: check if there is a RefParameter without a condition.
2026-05-10 22:39:07,374 [WARN] IP:2250 - ClockDividerCCU not found: check if there is a RefParameter without a condition.
2026-05-10 22:39:07,374 [WARN] IP:2250 - MinOscClkPeriodsCCU not found: check if there is a RefParameter without a condition.
2026-05-10 22:39:07,375 [WARN] IP:2250 - TimeQuantaPerBitTimeCCU not found: check if there is a RefParameter without a condition.
2026-05-10 22:39:07,375 [WARN] IP:2250 - WatchdogStartValueCCU not found: check if there is a RefParameter without a condition.
2026-05-10 22:39:07,419 [WARN] IP:2250 - LWIP_NETIF_HOSTNAME_NAME not found: check if there is a RefParameter without a condition.
2026-05-10 22:39:07,637 [ERROR] RtosPanel:558 - Can not restore the selected Tab for FREERTOS(A reason can be that the tab is no more available.)
2026-05-10 22:39:07,663 [INFO] LogOutputStream:77 - [STDOUT_REDIRECT] Nominal 
2026-05-10 22:39:07,759 [WARN] IP:2250 - ClockDivider not found: check if there is a RefParameter without a condition.
2026-05-10 22:39:07,759 [WARN] IP:2250 - ClockDividerCCU not found: check if there is a RefParameter without a condition.
2026-05-10 22:39:07,759 [WARN] IP:2250 - MinOscClkPeriodsCCU not found: check if there is a RefParameter without a condition.
2026-05-10 22:39:07,760 [WARN] IP:2250 - TimeQuantaPerBitTimeCCU not found: check if there is a RefParameter without a condition.
2026-05-10 22:39:07,760 [WARN] IP:2250 - WatchdogStartValueCCU not found: check if there is a RefParameter without a condition.
2026-05-10 22:39:07,802 [INFO] I2sManager:658 - 8.0E7
2026-05-10 22:39:07,803 [INFO] I2sManager:195 - I2S Clock Value : 8.0E7
2026-05-10 22:39:07,803 [INFO] I2sManager:553 - AudioClock : 16025Divider : 78Odd : 0
2026-05-10 22:39:07,917 [WARN] IP:2250 - ClockDivider not found: check if there is a RefParameter without a condition.
2026-05-10 22:39:07,918 [WARN] IP:2250 - ClockDividerCCU not found: check if there is a RefParameter without a condition.
2026-05-10 22:39:07,918 [WARN] IP:2250 - MinOscClkPeriodsCCU not found: check if there is a RefParameter without a condition.
2026-05-10 22:39:07,918 [WARN] IP:2250 - TimeQuantaPerBitTimeCCU not found: check if there is a RefParameter without a condition.
2026-05-10 22:39:07,918 [WARN] IP:2250 - WatchdogStartValueCCU not found: check if there is a RefParameter without a condition.
2026-05-10 22:39:07,964 [WARN] IP:2250 - LWIP_NETIF_HOSTNAME_NAME not found: check if there is a RefParameter without a condition.
2026-05-10 22:39:08,101 [ERROR] RtosPanel:558 - Can not restore the selected Tab for FREERTOS(A reason can be that the tab is no more available.)
2026-05-10 22:39:08,981 [WARN] IP:2250 - ClockDivider not found: check if there is a RefParameter without a condition.
2026-05-10 22:39:08,981 [WARN] IP:2250 - ClockDividerCCU not found: check if there is a RefParameter without a condition.
2026-05-10 22:39:08,981 [WARN] IP:2250 - MinOscClkPeriodsCCU not found: check if there is a RefParameter without a condition.
2026-05-10 22:39:08,981 [WARN] IP:2250 - TimeQuantaPerBitTimeCCU not found: check if there is a RefParameter without a condition.
2026-05-10 22:39:08,981 [WARN] IP:2250 - WatchdogStartValueCCU not found: check if there is a RefParameter without a condition.
2026-05-10 22:39:09,018 [WARN] IP:2250 - LWIP_NETIF_HOSTNAME_NAME not found: check if there is a RefParameter without a condition.
2026-05-10 22:39:10,258 [ERROR] RtosPanel:558 - Can not restore the selected Tab for FREERTOS(A reason can be that the tab is no more available.)
2026-05-10 22:39:10,324 [INFO] LogOutputStream:77 - [STDOUT_REDIRECT] Nominal 
2026-05-10 22:39:10,505 [WARN] IP:2250 - ClockDivider not found: check if there is a RefParameter without a condition.
2026-05-10 22:39:10,507 [WARN] IP:2250 - ClockDividerCCU not found: check if there is a RefParameter without a condition.
2026-05-10 22:39:10,507 [WARN] IP:2250 - MinOscClkPeriodsCCU not found: check if there is a RefParameter without a condition.
2026-05-10 22:39:10,507 [WARN] IP:2250 - TimeQuantaPerBitTimeCCU not found: check if there is a RefParameter without a condition.
2026-05-10 22:39:10,507 [WARN] IP:2250 - WatchdogStartValueCCU not found: check if there is a RefParameter without a condition.
2026-05-10 22:39:10,583 [INFO] I2sManager:658 - 8.0E7
2026-05-10 22:39:10,584 [INFO] I2sManager:195 - I2S Clock Value : 8.0E7
2026-05-10 22:39:10,585 [INFO] I2sManager:553 - AudioClock : 16025Divider : 78Odd : 0
2026-05-10 22:39:10,703 [WARN] IP:2250 - ClockDivider not found: check if there is a RefParameter without a condition.
2026-05-10 22:39:10,703 [WARN] IP:2250 - ClockDividerCCU not found: check if there is a RefParameter without a condition.
2026-05-10 22:39:10,703 [WARN] IP:2250 - MinOscClkPeriodsCCU not found: check if there is a RefParameter without a condition.
2026-05-10 22:39:10,703 [WARN] IP:2250 - TimeQuantaPerBitTimeCCU not found: check if there is a RefParameter without a condition.
2026-05-10 22:39:10,703 [WARN] IP:2250 - WatchdogStartValueCCU not found: check if there is a RefParameter without a condition.
2026-05-10 22:39:10,744 [WARN] IP:2250 - LWIP_NETIF_HOSTNAME_NAME not found: check if there is a RefParameter without a condition.
2026-05-10 22:39:10,953 [ERROR] RtosPanel:558 - Can not restore the selected Tab for FREERTOS(A reason can be that the tab is no more available.)
2026-05-10 22:39:14,933 [WARN] IP:2250 - ClockDivider not found: check if there is a RefParameter without a condition.
2026-05-10 22:39:14,934 [WARN] IP:2250 - ClockDividerCCU not found: check if there is a RefParameter without a condition.
2026-05-10 22:39:14,934 [WARN] IP:2250 - MinOscClkPeriodsCCU not found: check if there is a RefParameter without a condition.
2026-05-10 22:39:14,934 [WARN] IP:2250 - TimeQuantaPerBitTimeCCU not found: check if there is a RefParameter without a condition.
2026-05-10 22:39:14,934 [WARN] IP:2250 - WatchdogStartValueCCU not found: check if there is a RefParameter without a condition.
2026-05-10 22:39:14,975 [WARN] IP:2250 - LWIP_NETIF_HOSTNAME_NAME not found: check if there is a RefParameter without a condition.
2026-05-10 22:39:15,111 [ERROR] RtosPanel:558 - Can not restore the selected Tab for FREERTOS(A reason can be that the tab is no more available.)
2026-05-10 22:39:15,129 [INFO] LogOutputStream:77 - [STDOUT_REDIRECT] Nominal 
2026-05-10 22:39:15,215 [WARN] IP:2250 - ClockDivider not found: check if there is a RefParameter without a condition.
2026-05-10 22:39:15,215 [WARN] IP:2250 - ClockDividerCCU not found: check if there is a RefParameter without a condition.
2026-05-10 22:39:15,215 [WARN] IP:2250 - MinOscClkPeriodsCCU not found: check if there is a RefParameter without a condition.
2026-05-10 22:39:15,215 [WARN] IP:2250 - TimeQuantaPerBitTimeCCU not found: check if there is a RefParameter without a condition.
2026-05-10 22:39:15,215 [WARN] IP:2250 - WatchdogStartValueCCU not found: check if there is a RefParameter without a condition.
2026-05-10 22:39:15,250 [INFO] I2sManager:658 - 8.0E7
2026-05-10 22:39:15,250 [INFO] I2sManager:195 - I2S Clock Value : 8.0E7
2026-05-10 22:39:15,250 [INFO] I2sManager:553 - AudioClock : 16025Divider : 78Odd : 0
2026-05-10 22:39:15,371 [WARN] IP:2250 - ClockDivider not found: check if there is a RefParameter without a condition.
2026-05-10 22:39:15,372 [WARN] IP:2250 - ClockDividerCCU not found: check if there is a RefParameter without a condition.
2026-05-10 22:39:15,372 [WARN] IP:2250 - MinOscClkPeriodsCCU not found: check if there is a RefParameter without a condition.
2026-05-10 22:39:15,372 [WARN] IP:2250 - TimeQuantaPerBitTimeCCU not found: check if there is a RefParameter without a condition.
2026-05-10 22:39:15,372 [WARN] IP:2250 - WatchdogStartValueCCU not found: check if there is a RefParameter without a condition.
2026-05-10 22:39:15,407 [WARN] IP:2250 - LWIP_NETIF_HOSTNAME_NAME not found: check if there is a RefParameter without a condition.
2026-05-10 22:39:16,444 [ERROR] RtosPanel:558 - Can not restore the selected Tab for FREERTOS(A reason can be that the tab is no more available.)
2026-05-10 22:39:16,882 [WARN] IP:2250 - ClockDivider not found: check if there is a RefParameter without a condition.
2026-05-10 22:39:16,892 [WARN] IP:2250 - ClockDividerCCU not found: check if there is a RefParameter without a condition.
2026-05-10 22:39:16,895 [WARN] IP:2250 - MinOscClkPeriodsCCU not found: check if there is a RefParameter without a condition.
2026-05-10 22:39:16,913 [WARN] IP:2250 - TimeQuantaPerBitTimeCCU not found: check if there is a RefParameter without a condition.
2026-05-10 22:39:16,915 [WARN] IP:2250 - WatchdogStartValueCCU not found: check if there is a RefParameter without a condition.
2026-05-10 22:39:16,962 [WARN] IP:2250 - LWIP_NETIF_HOSTNAME_NAME not found: check if there is a RefParameter without a condition.
2026-05-10 22:39:17,231 [ERROR] RtosPanel:558 - Can not restore the selected Tab for FREERTOS(A reason can be that the tab is no more available.)
2026-05-10 22:39:17,255 [INFO] LogOutputStream:77 - [STDOUT_REDIRECT] Nominal 
2026-05-10 22:39:17,344 [WARN] IP:2250 - ClockDivider not found: check if there is a RefParameter without a condition.
2026-05-10 22:39:17,344 [WARN] IP:2250 - ClockDividerCCU not found: check if there is a RefParameter without a condition.
2026-05-10 22:39:17,345 [WARN] IP:2250 - MinOscClkPeriodsCCU not found: check if there is a RefParameter without a condition.
2026-05-10 22:39:17,345 [WARN] IP:2250 - TimeQuantaPerBitTimeCCU not found: check if there is a RefParameter without a condition.
2026-05-10 22:39:17,345 [WARN] IP:2250 - WatchdogStartValueCCU not found: check if there is a RefParameter without a condition.
2026-05-10 22:39:17,389 [INFO] I2sManager:658 - 8.0E7
2026-05-10 22:39:17,390 [INFO] I2sManager:195 - I2S Clock Value : 8.0E7
2026-05-10 22:39:17,390 [INFO] I2sManager:553 - AudioClock : 16025Divider : 78Odd : 0
2026-05-10 22:39:17,501 [WARN] IP:2250 - ClockDivider not found: check if there is a RefParameter without a condition.
2026-05-10 22:39:17,501 [WARN] IP:2250 - ClockDividerCCU not found: check if there is a RefParameter without a condition.
2026-05-10 22:39:17,501 [WARN] IP:2250 - MinOscClkPeriodsCCU not found: check if there is a RefParameter without a condition.
2026-05-10 22:39:17,501 [WARN] IP:2250 - TimeQuantaPerBitTimeCCU not found: check if there is a RefParameter without a condition.
2026-05-10 22:39:17,501 [WARN] IP:2250 - WatchdogStartValueCCU not found: check if there is a RefParameter without a condition.
2026-05-10 22:39:17,533 [WARN] IP:2250 - LWIP_NETIF_HOSTNAME_NAME not found: check if there is a RefParameter without a condition.
2026-05-10 22:39:17,646 [ERROR] RtosPanel:558 - Can not restore the selected Tab for FREERTOS(A reason can be that the tab is no more available.)
2026-05-10 22:52:13,311 [WARN] IP:2250 - ClockDivider not found: check if there is a RefParameter without a condition.
2026-05-10 22:52:13,313 [WARN] IP:2250 - ClockDividerCCU not found: check if there is a RefParameter without a condition.
2026-05-10 22:52:13,313 [WARN] IP:2250 - MinOscClkPeriodsCCU not found: check if there is a RefParameter without a condition.
2026-05-10 22:52:13,313 [WARN] IP:2250 - TimeQuantaPerBitTimeCCU not found: check if there is a RefParameter without a condition.
2026-05-10 22:52:13,313 [WARN] IP:2250 - WatchdogStartValueCCU not found: check if there is a RefParameter without a condition.
2026-05-10 22:52:13,355 [WARN] IP:2250 - LWIP_NETIF_HOSTNAME_NAME not found: check if there is a RefParameter without a condition.
2026-05-10 22:52:13,533 [ERROR] RtosPanel:558 - Can not restore the selected Tab for FREERTOS(A reason can be that the tab is no more available.)
2026-05-10 22:52:13,557 [INFO] LogOutputStream:77 - [STDOUT_REDIRECT] Nominal 
2026-05-10 22:52:13,559 [INFO] I2sManager:658 - 8.0E7
2026-05-10 22:52:13,560 [INFO] I2sManager:195 - I2S Clock Value : 8.0E7
2026-05-10 22:52:13,560 [INFO] I2sManager:553 - AudioClock : 16025Divider : 78Odd : 0
2026-05-10 22:52:20,511 [INFO] UtilMem:75 - End SaveConfig() Used Memory: 941366032 Bytes (1073741824)
2026-05-10 22:52:28,706 [INFO] UtilMem:75 - End SaveConfig() Used Memory: 895429816 Bytes (1073741824)
2026-05-10 22:52:29,294 [INFO] ProjectBuilder:2395 - IP not ready for code generation: LWIP
2026-05-10 22:52:37,288 [INFO] BlockDiagram:2775 - set Specific Code input for plugin: IWDG
2026-05-10 22:52:37,289 [INFO] BlockDiagram:2775 - set Specific Code input for plugin: FREERTOS
2026-05-10 22:52:37,289 [INFO] BlockDiagram:2775 - set Specific Code input for plugin: I2S
2026-05-10 22:52:37,289 [INFO] BlockDiagram:2775 - set Specific Code input for plugin: RCC
2026-05-10 22:52:37,289 [INFO] BlockDiagram:2775 - set Specific Code input for plugin: USART
2026-05-10 22:52:37,289 [INFO] BlockDiagram:2775 - set Specific Code input for plugin: FDCAN
2026-05-10 22:52:37,289 [INFO] BlockDiagram:2775 - set Specific Code input for plugin: ETH
2026-05-10 22:52:37,289 [INFO] BlockDiagram:2775 - set Specific Code input for plugin: MEMORYMAP
2026-05-10 22:52:37,289 [INFO] BlockDiagram:2775 - set Specific Code input for plugin: TIM6_7H7
2026-05-10 22:52:37,289 [INFO] BlockDiagram:2775 - set Specific Code input for plugin: SYS
2026-05-10 22:52:37,290 [INFO] BlockDiagram:2775 - set Specific Code input for plugin: NVIC
2026-05-10 22:52:37,290 [INFO] BlockDiagram:2775 - set Specific Code input for plugin: LWIP
2026-05-10 22:52:37,290 [INFO] BlockDiagram:2775 - set Specific Code input for plugin: DMA
2026-05-10 22:52:37,290 [INFO] BlockDiagram:2775 - set Specific Code input for plugin: DEBUG
2026-05-10 22:52:37,291 [INFO] BlockDiagram:2775 - set Specific Code input for plugin: GPIO
2026-05-10 22:52:37,291 [INFO] BlockDiagram:2775 - set Specific Code input for plugin: SAI
2026-05-10 22:52:37,292 [INFO] CodeGenerator:892 - code generatio: config db path: /Applications/STM32CubeIDE.app/Contents/Eclipse/plugins/com.st.stm32cube.common.mx_6.15.0.202507011659//db/
2026-05-10 22:52:37,316 [WARN] IP:2250 - ClockDivider not found: check if there is a RefParameter without a condition.
2026-05-10 22:52:37,316 [WARN] IP:2250 - ClockDividerCCU not found: check if there is a RefParameter without a condition.
2026-05-10 22:52:37,316 [WARN] IP:2250 - MinOscClkPeriodsCCU not found: check if there is a RefParameter without a condition.
2026-05-10 22:52:37,316 [WARN] IP:2250 - TimeQuantaPerBitTimeCCU not found: check if there is a RefParameter without a condition.
2026-05-10 22:52:37,316 [WARN] IP:2250 - WatchdogStartValueCCU not found: check if there is a RefParameter without a condition.
2026-05-10 22:52:37,335 [WARN] IP:2250 - LWIP_NETIF_HOSTNAME_NAME not found: check if there is a RefParameter without a condition.
2026-05-10 22:52:37,732 [INFO] CodeEngine:265 - oldGeneratedFile, /Users/jeffreya181/Desktop/Projects/Haley/Project-Haley/HaleyEmbedded_RevA/MXTmpFiles/license.tmp_save
2026-05-10 22:52:38,220 [INFO] CodeEngine:289 - Generated code: /Users/jeffreya181/Desktop/Projects/Haley/Project-Haley/HaleyEmbedded_RevA/MXTmpFiles/license.tmp
2026-05-10 22:52:38,349 [INFO] CodeEngine:265 - oldGeneratedFile, /Users/jeffreya181/Desktop/Projects/Haley/Project-Haley/HaleyEmbedded_RevA/MXTmpFiles/gpio.tmp_save
2026-05-10 22:52:38,600 [INFO] CodeEngine:289 - Generated code: /Users/jeffreya181/Desktop/Projects/Haley/Project-Haley/HaleyEmbedded_RevA/MXTmpFiles/gpio.tmp
2026-05-10 22:52:39,015 [INFO] CodeEngine:265 - oldGeneratedFile, /Users/jeffreya181/Desktop/Projects/Haley/Project-Haley/HaleyEmbedded_RevA/MXTmpFiles/eth_vars.tmp_save
2026-05-10 22:52:39,193 [INFO] CodeEngine:289 - Generated code: /Users/jeffreya181/Desktop/Projects/Haley/Project-Haley/HaleyEmbedded_RevA/MXTmpFiles/eth_vars.tmp
2026-05-10 22:52:39,196 [INFO] CodeEngine:265 - oldGeneratedFile, /Users/jeffreya181/Desktop/Projects/Haley/Project-Haley/HaleyEmbedded_RevA/MXTmpFiles/eth_inc.tmp_save
2026-05-10 22:52:39,341 [INFO] CodeEngine:289 - Generated code: /Users/jeffreya181/Desktop/Projects/Haley/Project-Haley/HaleyEmbedded_RevA/MXTmpFiles/eth_inc.tmp
2026-05-10 22:52:39,345 [INFO] CodeEngine:265 - oldGeneratedFile, /Users/jeffreya181/Desktop/Projects/Haley/Project-Haley/HaleyEmbedded_RevA/MXTmpFiles/eth_HalInit.tmp_save
2026-05-10 22:52:39,512 [INFO] CodeEngine:289 - Generated code: /Users/jeffreya181/Desktop/Projects/Haley/Project-Haley/HaleyEmbedded_RevA/MXTmpFiles/eth_HalInit.tmp
2026-05-10 22:52:39,516 [INFO] CodeEngine:265 - oldGeneratedFile, /Users/jeffreya181/Desktop/Projects/Haley/Project-Haley/HaleyEmbedded_RevA/MXTmpFiles/eth_Msp.tmp_save
2026-05-10 22:52:39,664 [INFO] CodeEngine:289 - Generated code: /Users/jeffreya181/Desktop/Projects/Haley/Project-Haley/HaleyEmbedded_RevA/MXTmpFiles/eth_Msp.tmp
2026-05-10 22:52:39,773 [WARN] IPConfigManager:103 - WARNING: Missing Config File for DEBUG ip!!
2026-05-10 22:52:41,365 [WARN] IPConfigManager:103 - WARNING: Missing Config File for MEMORYMAP ip!!
2026-05-10 22:52:42,133 [INFO] Middleware:1452 - No code input for Bsp Dependency
2026-05-10 22:52:42,172 [INFO] CodeEngine:265 - oldGeneratedFile, /Users/jeffreya181/Desktop/Projects/Haley/Project-Haley/HaleyEmbedded_RevA/MXTmpFiles/rtos_inc.tmp_save
2026-05-10 22:52:42,364 [INFO] CodeEngine:289 - Generated code: /Users/jeffreya181/Desktop/Projects/Haley/Project-Haley/HaleyEmbedded_RevA/MXTmpFiles/rtos_inc.tmp
2026-05-10 22:52:42,375 [INFO] CodeEngine:265 - oldGeneratedFile, /Users/jeffreya181/Desktop/Projects/Haley/Project-Haley/HaleyEmbedded_RevA/MXTmpFiles/rtos_kernelInit.tmp_save
2026-05-10 22:52:42,534 [INFO] CodeEngine:289 - Generated code: /Users/jeffreya181/Desktop/Projects/Haley/Project-Haley/HaleyEmbedded_RevA/MXTmpFiles/rtos_kernelInit.tmp
2026-05-10 22:52:42,537 [INFO] CodeEngine:265 - oldGeneratedFile, /Users/jeffreya181/Desktop/Projects/Haley/Project-Haley/HaleyEmbedded_RevA/MXTmpFiles/rtos_kernelStart.tmp_save
2026-05-10 22:52:42,722 [INFO] CodeEngine:289 - Generated code: /Users/jeffreya181/Desktop/Projects/Haley/Project-Haley/HaleyEmbedded_RevA/MXTmpFiles/rtos_kernelStart.tmp
2026-05-10 22:52:42,778 [INFO] CodeEngine:265 - oldGeneratedFile, /Users/jeffreya181/Desktop/Projects/Haley/Project-Haley/HaleyEmbedded_RevA/MXTmpFiles/rtos_typedefs.tmp_save
2026-05-10 22:52:42,898 [INFO] CodeEngine:289 - Generated code: /Users/jeffreya181/Desktop/Projects/Haley/Project-Haley/HaleyEmbedded_RevA/MXTmpFiles/rtos_typedefs.tmp
2026-05-10 22:52:42,904 [INFO] CodeEngine:265 - oldGeneratedFile, /Users/jeffreya181/Desktop/Projects/Haley/Project-Haley/HaleyEmbedded_RevA/MXTmpFiles/rtos_vars.tmp_save
2026-05-10 22:52:42,983 [INFO] CodeEngine:289 - Generated code: /Users/jeffreya181/Desktop/Projects/Haley/Project-Haley/HaleyEmbedded_RevA/MXTmpFiles/rtos_vars.tmp
2026-05-10 22:52:42,986 [INFO] CodeEngine:265 - oldGeneratedFile, /Users/jeffreya181/Desktop/Projects/Haley/Project-Haley/HaleyEmbedded_RevA/MXTmpFiles/rtos_pfp.tmp_save
2026-05-10 22:52:43,241 [INFO] CodeEngine:289 - Generated code: /Users/jeffreya181/Desktop/Projects/Haley/Project-Haley/HaleyEmbedded_RevA/MXTmpFiles/rtos_pfp.tmp
2026-05-10 22:52:43,309 [INFO] CodeEngine:265 - oldGeneratedFile, /Users/jeffreya181/Desktop/Projects/Haley/Project-Haley/HaleyEmbedded_RevA/MXTmpFiles/rtos_obj_creat.tmp_save
2026-05-10 22:52:43,387 [INFO] CodeEngine:289 - Generated code: /Users/jeffreya181/Desktop/Projects/Haley/Project-Haley/HaleyEmbedded_RevA/MXTmpFiles/rtos_obj_creat.tmp
2026-05-10 22:52:43,395 [INFO] CodeEngine:265 - oldGeneratedFile, /Users/jeffreya181/Desktop/Projects/Haley/Project-Haley/HaleyEmbedded_RevA/MXTmpFiles/rtos_default_thread.tmp_save
2026-05-10 22:52:43,461 [INFO] CodeEngine:289 - Generated code: /Users/jeffreya181/Desktop/Projects/Haley/Project-Haley/HaleyEmbedded_RevA/MXTmpFiles/rtos_default_thread.tmp
2026-05-10 22:52:43,465 [INFO] CodeEngine:265 - oldGeneratedFile, /Users/jeffreya181/Desktop/Projects/Haley/Project-Haley/HaleyEmbedded_RevA/MXTmpFiles/rtos_threads.tmp_save
2026-05-10 22:52:43,522 [INFO] CodeEngine:289 - Generated code: /Users/jeffreya181/Desktop/Projects/Haley/Project-Haley/HaleyEmbedded_RevA/MXTmpFiles/rtos_threads.tmp
2026-05-10 22:52:43,578 [INFO] Middleware:1452 - No code input for Bsp Dependency
2026-05-10 22:52:43,668 [INFO] Middleware:1452 - No code input for Bsp Dependency
2026-05-10 22:52:43,682 [INFO] CodeEngine:265 - oldGeneratedFile, /Users/jeffreya181/Desktop/Projects/Haley/Project-Haley/HaleyEmbedded_RevA/MXTmpFiles/rtos_inc.tmp_save
2026-05-10 22:52:43,746 [INFO] CodeEngine:289 - Generated code: /Users/jeffreya181/Desktop/Projects/Haley/Project-Haley/HaleyEmbedded_RevA/MXTmpFiles/rtos_inc.tmp
2026-05-10 22:52:43,750 [INFO] CodeEngine:265 - oldGeneratedFile, /Users/jeffreya181/Desktop/Projects/Haley/Project-Haley/HaleyEmbedded_RevA/MXTmpFiles/rtos_kernelInit.tmp_save
2026-05-10 22:52:43,820 [INFO] CodeEngine:289 - Generated code: /Users/jeffreya181/Desktop/Projects/Haley/Project-Haley/HaleyEmbedded_RevA/MXTmpFiles/rtos_kernelInit.tmp
2026-05-10 22:52:43,823 [INFO] CodeEngine:265 - oldGeneratedFile, /Users/jeffreya181/Desktop/Projects/Haley/Project-Haley/HaleyEmbedded_RevA/MXTmpFiles/rtos_kernelStart.tmp_save
2026-05-10 22:52:43,893 [INFO] CodeEngine:289 - Generated code: /Users/jeffreya181/Desktop/Projects/Haley/Project-Haley/HaleyEmbedded_RevA/MXTmpFiles/rtos_kernelStart.tmp
2026-05-10 22:52:43,898 [INFO] CodeEngine:265 - oldGeneratedFile, /Users/jeffreya181/Desktop/Projects/Haley/Project-Haley/HaleyEmbedded_RevA/MXTmpFiles/rtos_typedefs.tmp_save
2026-05-10 22:52:43,975 [INFO] CodeEngine:289 - Generated code: /Users/jeffreya181/Desktop/Projects/Haley/Project-Haley/HaleyEmbedded_RevA/MXTmpFiles/rtos_typedefs.tmp
2026-05-10 22:52:43,980 [INFO] CodeEngine:265 - oldGeneratedFile, /Users/jeffreya181/Desktop/Projects/Haley/Project-Haley/HaleyEmbedded_RevA/MXTmpFiles/rtos_vars.tmp_save
2026-05-10 22:52:44,063 [INFO] CodeEngine:289 - Generated code: /Users/jeffreya181/Desktop/Projects/Haley/Project-Haley/HaleyEmbedded_RevA/MXTmpFiles/rtos_vars.tmp
2026-05-10 22:52:44,070 [INFO] CodeEngine:265 - oldGeneratedFile, /Users/jeffreya181/Desktop/Projects/Haley/Project-Haley/HaleyEmbedded_RevA/MXTmpFiles/rtos_pfp.tmp_save
2026-05-10 22:52:44,167 [INFO] CodeEngine:289 - Generated code: /Users/jeffreya181/Desktop/Projects/Haley/Project-Haley/HaleyEmbedded_RevA/MXTmpFiles/rtos_pfp.tmp
2026-05-10 22:52:44,172 [INFO] CodeEngine:265 - oldGeneratedFile, /Users/jeffreya181/Desktop/Projects/Haley/Project-Haley/HaleyEmbedded_RevA/MXTmpFiles/rtos_obj_creat.tmp_save
2026-05-10 22:52:44,236 [INFO] CodeEngine:289 - Generated code: /Users/jeffreya181/Desktop/Projects/Haley/Project-Haley/HaleyEmbedded_RevA/MXTmpFiles/rtos_obj_creat.tmp
2026-05-10 22:52:44,240 [INFO] CodeEngine:265 - oldGeneratedFile, /Users/jeffreya181/Desktop/Projects/Haley/Project-Haley/HaleyEmbedded_RevA/MXTmpFiles/rtos_default_thread.tmp_save
2026-05-10 22:52:44,303 [INFO] CodeEngine:289 - Generated code: /Users/jeffreya181/Desktop/Projects/Haley/Project-Haley/HaleyEmbedded_RevA/MXTmpFiles/rtos_default_thread.tmp
2026-05-10 22:52:44,306 [INFO] CodeEngine:265 - oldGeneratedFile, /Users/jeffreya181/Desktop/Projects/Haley/Project-Haley/HaleyEmbedded_RevA/MXTmpFiles/rtos_threads.tmp_save
2026-05-10 22:52:44,367 [INFO] CodeEngine:289 - Generated code: /Users/jeffreya181/Desktop/Projects/Haley/Project-Haley/HaleyEmbedded_RevA/MXTmpFiles/rtos_threads.tmp
2026-05-10 22:52:44,370 [INFO] CodeEngine:265 - oldGeneratedFile, /Users/jeffreya181/Desktop/Projects/Haley/Project-Haley/HaleyEmbedded_RevA/Core/Inc/FreeRTOSConfig.h_save
2026-05-10 22:52:44,520 [INFO] CodeEngine:289 - Generated code: /Users/jeffreya181/Desktop/Projects/Haley/Project-Haley/HaleyEmbedded_RevA/Core/Inc/FreeRTOSConfig.h
2026-05-10 22:52:44,527 [INFO] CodeEngine:265 - oldGeneratedFile, /Users/jeffreya181/Desktop/Projects/Haley/Project-Haley/HaleyEmbedded_RevA/Core/Src/freertos.c_save
2026-05-10 22:52:44,594 [INFO] CodeEngine:289 - Generated code: /Users/jeffreya181/Desktop/Projects/Haley/Project-Haley/HaleyEmbedded_RevA/Core/Src/freertos.c
2026-05-10 22:52:44,602 [INFO] CodeEngine:265 - oldGeneratedFile, /Users/jeffreya181/Desktop/Projects/Haley/Project-Haley/HaleyEmbedded_RevA/MXTmpFiles/cortex.tmp_save
2026-05-10 22:52:44,694 [INFO] CodeEngine:289 - Generated code: /Users/jeffreya181/Desktop/Projects/Haley/Project-Haley/HaleyEmbedded_RevA/MXTmpFiles/cortex.tmp
2026-05-10 22:52:44,789 [INFO] CodeEngine:265 - oldGeneratedFile, /Users/jeffreya181/Desktop/Projects/Haley/Project-Haley/HaleyEmbedded_RevA/MXTmpFiles/dma.tmp_save
2026-05-10 22:52:44,855 [INFO] CodeEngine:289 - Generated code: /Users/jeffreya181/Desktop/Projects/Haley/Project-Haley/HaleyEmbedded_RevA/MXTmpFiles/dma.tmp
2026-05-10 22:52:44,857 [INFO] CodeEngine:265 - oldGeneratedFile, /Users/jeffreya181/Desktop/Projects/Haley/Project-Haley/HaleyEmbedded_RevA/MXTmpFiles/dma_GV.tmp_save
2026-05-10 22:52:44,959 [INFO] CodeEngine:289 - Generated code: /Users/jeffreya181/Desktop/Projects/Haley/Project-Haley/HaleyEmbedded_RevA/MXTmpFiles/dma_GV.tmp
2026-05-10 22:52:45,001 [INFO] Middleware:1452 - No code input for Bsp Dependency
2026-05-10 22:52:45,048 [INFO] CodeEngine:265 - oldGeneratedFile, /Users/jeffreya181/Desktop/Projects/Haley/Project-Haley/HaleyEmbedded_RevA/LWIP/App/lwip.c_save
2026-05-10 22:52:45,189 [INFO] CodeEngine:289 - Generated code: /Users/jeffreya181/Desktop/Projects/Haley/Project-Haley/HaleyEmbedded_RevA/LWIP/App/lwip.c
2026-05-10 22:52:45,193 [INFO] CodeEngine:265 - oldGeneratedFile, /Users/jeffreya181/Desktop/Projects/Haley/Project-Haley/HaleyEmbedded_RevA/LWIP/App/lwip.h_save
2026-05-10 22:52:45,356 [INFO] CodeEngine:289 - Generated code: /Users/jeffreya181/Desktop/Projects/Haley/Project-Haley/HaleyEmbedded_RevA/LWIP/App/lwip.h
2026-05-10 22:52:45,360 [INFO] CodeEngine:265 - oldGeneratedFile, /Users/jeffreya181/Desktop/Projects/Haley/Project-Haley/HaleyEmbedded_RevA/LWIP/Target/lwipopts.h_save
2026-05-10 22:52:45,564 [INFO] CodeEngine:289 - Generated code: /Users/jeffreya181/Desktop/Projects/Haley/Project-Haley/HaleyEmbedded_RevA/LWIP/Target/lwipopts.h
2026-05-10 22:52:45,568 [INFO] CodeEngine:265 - oldGeneratedFile, /Users/jeffreya181/Desktop/Projects/Haley/Project-Haley/HaleyEmbedded_RevA/LWIP/Target/ethernetif.c_save
2026-05-10 22:52:45,646 [INFO] CodeEngine:289 - Generated code: /Users/jeffreya181/Desktop/Projects/Haley/Project-Haley/HaleyEmbedded_RevA/LWIP/Target/ethernetif.c
2026-05-10 22:52:45,648 [INFO] CodeEngine:265 - oldGeneratedFile, /Users/jeffreya181/Desktop/Projects/Haley/Project-Haley/HaleyEmbedded_RevA/LWIP/Target/ethernetif.h_save
2026-05-10 22:52:45,707 [INFO] CodeEngine:289 - Generated code: /Users/jeffreya181/Desktop/Projects/Haley/Project-Haley/HaleyEmbedded_RevA/LWIP/Target/ethernetif.h
2026-05-10 22:52:45,720 [INFO] CodeEngine:265 - oldGeneratedFile, /Users/jeffreya181/Desktop/Projects/Haley/Project-Haley/HaleyEmbedded_RevA/MXTmpFiles/sai_init.tmp_save
2026-05-10 22:52:45,785 [INFO] CodeEngine:289 - Generated code: /Users/jeffreya181/Desktop/Projects/Haley/Project-Haley/HaleyEmbedded_RevA/MXTmpFiles/sai_init.tmp
2026-05-10 22:52:45,787 [INFO] CodeEngine:265 - oldGeneratedFile, /Users/jeffreya181/Desktop/Projects/Haley/Project-Haley/HaleyEmbedded_RevA/MXTmpFiles/sai_GV.tmp_save
2026-05-10 22:52:45,843 [INFO] CodeEngine:289 - Generated code: /Users/jeffreya181/Desktop/Projects/Haley/Project-Haley/HaleyEmbedded_RevA/MXTmpFiles/sai_GV.tmp
2026-05-10 22:52:45,847 [INFO] CodeEngine:265 - oldGeneratedFile, /Users/jeffreya181/Desktop/Projects/Haley/Project-Haley/HaleyEmbedded_RevA/MXTmpFiles/sai_msp.tmp_save
2026-05-10 22:52:45,947 [INFO] CodeEngine:289 - Generated code: /Users/jeffreya181/Desktop/Projects/Haley/Project-Haley/HaleyEmbedded_RevA/MXTmpFiles/sai_msp.tmp
2026-05-10 22:52:45,980 [INFO] CodeEngine:265 - oldGeneratedFile, /Users/jeffreya181/Desktop/Projects/Haley/Project-Haley/HaleyEmbedded_RevA/Core/Src/stm32h7xx_it.c_save
2026-05-10 22:52:46,198 [INFO] CodeEngine:289 - Generated code: /Users/jeffreya181/Desktop/Projects/Haley/Project-Haley/HaleyEmbedded_RevA/Core/Src/stm32h7xx_it.c
2026-05-10 22:52:46,201 [INFO] CodeEngine:265 - oldGeneratedFile, /Users/jeffreya181/Desktop/Projects/Haley/Project-Haley/HaleyEmbedded_RevA/Core/Inc/stm32h7xx_it.h_save
2026-05-10 22:52:46,268 [INFO] CodeEngine:289 - Generated code: /Users/jeffreya181/Desktop/Projects/Haley/Project-Haley/HaleyEmbedded_RevA/Core/Inc/stm32h7xx_it.h
2026-05-10 22:52:46,276 [INFO] CodeEngine:265 - oldGeneratedFile, /Users/jeffreya181/Desktop/Projects/Haley/Project-Haley/HaleyEmbedded_RevA/MXTmpFiles/sai_init.tmp_save
2026-05-10 22:52:46,340 [INFO] CodeEngine:289 - Generated code: /Users/jeffreya181/Desktop/Projects/Haley/Project-Haley/HaleyEmbedded_RevA/MXTmpFiles/sai_init.tmp
2026-05-10 22:52:46,343 [INFO] CodeEngine:265 - oldGeneratedFile, /Users/jeffreya181/Desktop/Projects/Haley/Project-Haley/HaleyEmbedded_RevA/MXTmpFiles/sai_GV.tmp_save
2026-05-10 22:52:46,402 [INFO] CodeEngine:289 - Generated code: /Users/jeffreya181/Desktop/Projects/Haley/Project-Haley/HaleyEmbedded_RevA/MXTmpFiles/sai_GV.tmp
2026-05-10 22:52:46,405 [INFO] CodeEngine:265 - oldGeneratedFile, /Users/jeffreya181/Desktop/Projects/Haley/Project-Haley/HaleyEmbedded_RevA/MXTmpFiles/sai_msp.tmp_save
2026-05-10 22:52:46,482 [INFO] CodeEngine:289 - Generated code: /Users/jeffreya181/Desktop/Projects/Haley/Project-Haley/HaleyEmbedded_RevA/MXTmpFiles/sai_msp.tmp
2026-05-10 22:52:46,847 [INFO] CodeEngine:265 - oldGeneratedFile, /Users/jeffreya181/Desktop/Projects/Haley/Project-Haley/HaleyEmbedded_RevA/Core/Src/stm32h7xx_hal_msp.c_save
2026-05-10 22:52:47,418 [INFO] CodeEngine:289 - Generated code: /Users/jeffreya181/Desktop/Projects/Haley/Project-Haley/HaleyEmbedded_RevA/Core/Src/stm32h7xx_hal_msp.c
2026-05-10 22:52:47,478 [INFO] CodeEngine:265 - oldGeneratedFile, /Users/jeffreya181/Desktop/Projects/Haley/Project-Haley/HaleyEmbedded_RevA/MXTmpFiles/system.tmp_save
2026-05-10 22:52:47,546 [INFO] CodeEngine:289 - Generated code: /Users/jeffreya181/Desktop/Projects/Haley/Project-Haley/HaleyEmbedded_RevA/MXTmpFiles/system.tmp
2026-05-10 22:52:47,593 [INFO] CodeEngine:321 - oldGeneratedFile, /Users/jeffreya181/Desktop/Projects/Haley/Project-Haley/HaleyEmbedded_RevA/Core/Inc/stm32h7xx_hal_conf.h_save
2026-05-10 22:52:47,663 [INFO] CodeEngine:345 - Generated code: /Users/jeffreya181/Desktop/Projects/Haley/Project-Haley/HaleyEmbedded_RevA/Core/Inc/stm32h7xx_hal_conf.h
2026-05-10 22:52:47,958 [INFO] ApiDbMcu:532 - Load IP Config File for FDCAN1
2026-05-10 22:52:47,977 [INFO] ApiDbMcu:532 - Load IP Config File for I2S1
2026-05-10 22:52:47,979 [INFO] ApiDbMcu:532 - Load IP Config File for IWDG1
2026-05-10 22:52:47,983 [INFO] ApiDbMcu:532 - Load IP Config File for SAI1
2026-05-10 22:52:48,003 [INFO] ApiDbMcu:532 - Load IP Config File for TIM6
2026-05-10 22:52:48,015 [INFO] ApiDbMcu:532 - Load IP Config File for USART3
2026-05-10 22:52:48,021 [WARN] IPConfigManager:3811 - IP not found : TIM
2026-05-10 22:52:48,023 [WARN] CodeGenerator:4259 - IP not found : null
2026-05-10 22:52:48,031 [INFO] CodeEngine:265 - oldGeneratedFile, /Users/jeffreya181/Desktop/Projects/Haley/Project-Haley/HaleyEmbedded_RevA/Core/Inc/main.h_save
2026-05-10 22:52:48,171 [INFO] CodeEngine:289 - Generated code: /Users/jeffreya181/Desktop/Projects/Haley/Project-Haley/HaleyEmbedded_RevA/Core/Inc/main.h
2026-05-10 22:52:48,175 [INFO] CodeEngine:265 - oldGeneratedFile, /Users/jeffreya181/Desktop/Projects/Haley/Project-Haley/HaleyEmbedded_RevA/Core/Src/main.c_save
2026-05-10 22:52:48,380 [INFO] CodeEngine:289 - Generated code: /Users/jeffreya181/Desktop/Projects/Haley/Project-Haley/HaleyEmbedded_RevA/Core/Src/main.c
2026-05-10 22:52:49,051 [INFO] ProjectBuilder:3606 - Time for Copy HAL[1] : 307mS.
2026-05-10 22:52:49,092 [INFO] ProjectBuilder:5216 - Project Generator version: 4.7.0-B52
2026-05-10 22:52:49,200 [INFO] ConfigFileManager:1595 - The Die is : DIE450
2026-05-10 22:52:55,158 [INFO] ProjectBuilder:5496 - Time for Generating toolchain IDE Files: 6056mS.
2026-05-10 22:52:55,172 [INFO] ProjectBuilder:3463 - Time for Copy CMSIS : 2mS.
2026-05-10 22:52:55,181 [INFO] ProjectBuilder:3463 - Time for Copy CMSIS : 0mS.
2026-05-10 22:59:19,648 [WARN] BspModel:444 - BSP dependency skipped because of component: name='DP83848', api='BSP_COMPONENT_DRIVER'
2026-05-10 22:59:20,228 [INFO] I2cTimingTraitement:330 - 0x10707DBC
2026-05-10 22:59:20,593 [WARN] BspModel:444 - BSP dependency skipped because of component: name='DP83848', api='BSP_COMPONENT_DRIVER'
2026-05-10 22:59:32,423 [INFO] NvicIntPanel:101 - NVIC parent = com.st.microxplorer.plugins.ip.nvic.MultiNvicIntPanel[,0,0,450x171,layout=javax.swing.BoxLayout,alignmentX=0.0,alignmentY=0.0,border=,flags=9,maximumSize=,minimumSize=,preferredSize=]
2026-05-10 23:00:51,492 [WARN] BspModel:444 - BSP dependency skipped because of component: name='DP83848', api='BSP_COMPONENT_DRIVER'
2026-05-10 23:02:05,178 [INFO] UtilMem:75 - End SaveConfig() Used Memory: 859604816 Bytes (1073741824)
2026-05-10 23:02:06,417 [INFO] UtilMem:75 - End SaveConfig() Used Memory: 908278248 Bytes (1073741824)
2026-05-10 23:02:07,524 [INFO] ProjectBuilder:2395 - IP not ready for code generation: LWIP
2026-05-10 23:02:10,070 [INFO] BlockDiagram:2775 - set Specific Code input for plugin: IWDG
2026-05-10 23:02:10,073 [INFO] BlockDiagram:2775 - set Specific Code input for plugin: FREERTOS
2026-05-10 23:02:10,073 [INFO] BlockDiagram:2775 - set Specific Code input for plugin: I2S
2026-05-10 23:02:10,073 [INFO] BlockDiagram:2775 - set Specific Code input for plugin: RCC
2026-05-10 23:02:10,073 [INFO] BlockDiagram:2775 - set Specific Code input for plugin: I2C
2026-05-10 23:02:10,074 [INFO] BlockDiagram:2775 - set Specific Code input for plugin: RTC
2026-05-10 23:02:10,075 [INFO] BlockDiagram:2775 - set Specific Code input for plugin: USART
2026-05-10 23:02:10,075 [INFO] BlockDiagram:2775 - set Specific Code input for plugin: FDCAN
2026-05-10 23:02:10,075 [INFO] BlockDiagram:2775 - set Specific Code input for plugin: ETH
2026-05-10 23:02:10,075 [INFO] BlockDiagram:2775 - set Specific Code input for plugin: MEMORYMAP
2026-05-10 23:02:10,075 [INFO] BlockDiagram:2775 - set Specific Code input for plugin: TIM6_7H7
2026-05-10 23:02:10,075 [INFO] BlockDiagram:2775 - set Specific Code input for plugin: SYS
2026-05-10 23:02:10,076 [INFO] BlockDiagram:2775 - set Specific Code input for plugin: NVIC
2026-05-10 23:02:10,076 [INFO] BlockDiagram:2775 - set Specific Code input for plugin: LWIP
2026-05-10 23:02:10,077 [INFO] BlockDiagram:2775 - set Specific Code input for plugin: DMA
2026-05-10 23:02:10,077 [INFO] BlockDiagram:2775 - set Specific Code input for plugin: DEBUG
2026-05-10 23:02:10,084 [INFO] BlockDiagram:2775 - set Specific Code input for plugin: GPIO
2026-05-10 23:02:10,085 [INFO] BlockDiagram:2775 - set Specific Code input for plugin: SAI
2026-05-10 23:02:10,086 [INFO] CodeGenerator:892 - code generatio: config db path: /Applications/STM32CubeIDE.app/Contents/Eclipse/plugins/com.st.stm32cube.common.mx_6.15.0.202507011659//db/
2026-05-10 23:02:10,121 [INFO] Argument:325 - Argument : hdmavalue: null
2026-05-10 23:02:10,122 [INFO] Argument:327 - 	 sub Args: 
2026-05-10 23:02:10,122 [INFO] Argument:325 - Argument : Instancevalue: DMA1_Stream0
2026-05-10 23:02:10,123 [INFO] Argument:335 - Argument : Instancevalue: DMA1_Stream0
2026-05-10 23:02:10,124 [INFO] Argument:325 - Argument : Initvalue: null
2026-05-10 23:02:10,124 [INFO] Argument:327 - 	 sub Args: 
2026-05-10 23:02:10,124 [INFO] Argument:325 - Argument : Requestvalue: DMA_REQUEST_GENERATOR1
2026-05-10 23:02:10,124 [INFO] Argument:335 - Argument : Requestvalue: DMA_REQUEST_GENERATOR1
2026-05-10 23:02:10,124 [INFO] Argument:325 - Argument : Directionvalue: DMA_PERIPH_TO_MEMORY
2026-05-10 23:02:10,124 [INFO] Argument:335 - Argument : Directionvalue: DMA_PERIPH_TO_MEMORY
2026-05-10 23:02:10,124 [INFO] Argument:325 - Argument : PeriphIncvalue: DMA_PINC_DISABLE
2026-05-10 23:02:10,125 [INFO] Argument:335 - Argument : PeriphIncvalue: DMA_PINC_DISABLE
2026-05-10 23:02:10,125 [INFO] Argument:325 - Argument : MemIncvalue: DMA_MINC_ENABLE
2026-05-10 23:02:10,125 [INFO] Argument:335 - Argument : MemIncvalue: DMA_MINC_ENABLE
2026-05-10 23:02:10,125 [INFO] Argument:325 - Argument : PeriphDataAlignmentvalue: DMA_PDATAALIGN_BYTE
2026-05-10 23:02:10,126 [INFO] Argument:335 - Argument : PeriphDataAlignmentvalue: DMA_PDATAALIGN_BYTE
2026-05-10 23:02:10,127 [INFO] Argument:325 - Argument : MemDataAlignmentvalue: DMA_MDATAALIGN_BYTE
2026-05-10 23:02:10,128 [INFO] Argument:335 - Argument : MemDataAlignmentvalue: DMA_MDATAALIGN_BYTE
2026-05-10 23:02:10,128 [INFO] Argument:325 - Argument : Modevalue: DMA_CIRCULAR
2026-05-10 23:02:10,128 [INFO] Argument:335 - Argument : Modevalue: DMA_CIRCULAR
2026-05-10 23:02:10,128 [INFO] Argument:325 - Argument : Priorityvalue: DMA_PRIORITY_VERY_HIGH
2026-05-10 23:02:10,128 [INFO] Argument:335 - Argument : Priorityvalue: DMA_PRIORITY_VERY_HIGH
2026-05-10 23:02:10,128 [INFO] Argument:325 - Argument : FIFOModevalue: DMA_FIFOMODE_ENABLE
2026-05-10 23:02:10,129 [INFO] Argument:335 - Argument : FIFOModevalue: DMA_FIFOMODE_ENABLE
2026-05-10 23:02:10,129 [INFO] Argument:325 - Argument : FIFOThresholdvalue: DMA_FIFO_THRESHOLD_FULL
2026-05-10 23:02:10,130 [INFO] Argument:335 - Argument : FIFOThresholdvalue: DMA_FIFO_THRESHOLD_FULL
2026-05-10 23:02:10,130 [INFO] Argument:325 - Argument : MemBurstvalue: DMA_MBURST_SINGLE
2026-05-10 23:02:10,131 [INFO] Argument:335 - Argument : MemBurstvalue: DMA_MBURST_SINGLE
2026-05-10 23:02:10,131 [INFO] Argument:325 - Argument : PeriphBurstvalue: DMA_PBURST_SINGLE
2026-05-10 23:02:10,131 [INFO] Argument:335 - Argument : PeriphBurstvalue: DMA_PBURST_SINGLE
2026-05-10 23:02:10,131 [INFO] Argument:325 - Argument : Lockvalue: null
2026-05-10 23:02:10,131 [INFO] Argument:335 - Argument : Lockvalue: null
2026-05-10 23:02:10,131 [INFO] Argument:325 - Argument : Statevalue: null
2026-05-10 23:02:10,131 [INFO] Argument:335 - Argument : Statevalue: null
2026-05-10 23:02:10,131 [INFO] Argument:325 - Argument : Parentvalue: null
2026-05-10 23:02:10,132 [INFO] Argument:335 - Argument : Parentvalue: null
2026-05-10 23:02:10,132 [INFO] Argument:325 - Argument : XferCpltCallbackvalue: null
2026-05-10 23:02:10,132 [INFO] Argument:335 - Argument : XferCpltCallbackvalue: null
2026-05-10 23:02:10,132 [INFO] Argument:325 - Argument : XferHalfCpltCallbackvalue: null
2026-05-10 23:02:10,132 [INFO] Argument:335 - Argument : XferHalfCpltCallbackvalue: null
2026-05-10 23:02:10,132 [INFO] Argument:325 - Argument : XferM1CpltCallbackvalue: null
2026-05-10 23:02:10,132 [INFO] Argument:335 - Argument : XferM1CpltCallbackvalue: null
2026-05-10 23:02:10,132 [INFO] Argument:325 - Argument : XferM1HalfCpltCallbackvalue: null
2026-05-10 23:02:10,132 [INFO] Argument:335 - Argument : XferM1HalfCpltCallbackvalue: null
2026-05-10 23:02:10,133 [INFO] Argument:325 - Argument : XferErrorCallbackvalue: null
2026-05-10 23:02:10,133 [INFO] Argument:335 - Argument : XferErrorCallbackvalue: null
2026-05-10 23:02:10,133 [INFO] Argument:325 - Argument : XferAbortCallbackvalue: null
2026-05-10 23:02:10,134 [INFO] Argument:335 - Argument : XferAbortCallbackvalue: null
2026-05-10 23:02:10,134 [INFO] Argument:325 - Argument : ErrorCodevalue: null
2026-05-10 23:02:10,134 [INFO] Argument:335 - Argument : ErrorCodevalue: null
2026-05-10 23:02:10,134 [INFO] Argument:325 - Argument : StreamBaseAddressvalue: null
2026-05-10 23:02:10,135 [INFO] Argument:335 - Argument : StreamBaseAddressvalue: null
2026-05-10 23:02:10,135 [INFO] Argument:325 - Argument : StreamIndexvalue: null
2026-05-10 23:02:10,135 [INFO] Argument:335 - Argument : StreamIndexvalue: null
2026-05-10 23:02:10,159 [WARN] IP:2250 - ClockDivider not found: check if there is a RefParameter without a condition.
2026-05-10 23:02:10,160 [WARN] IP:2250 - ClockDividerCCU not found: check if there is a RefParameter without a condition.
2026-05-10 23:02:10,161 [WARN] IP:2250 - MinOscClkPeriodsCCU not found: check if there is a RefParameter without a condition.
2026-05-10 23:02:10,161 [WARN] IP:2250 - TimeQuantaPerBitTimeCCU not found: check if there is a RefParameter without a condition.
2026-05-10 23:02:10,161 [WARN] IP:2250 - WatchdogStartValueCCU not found: check if there is a RefParameter without a condition.
2026-05-10 23:02:10,191 [WARN] IP:2250 - LWIP_NETIF_HOSTNAME_NAME not found: check if there is a RefParameter without a condition.
2026-05-10 23:02:10,629 [INFO] CodeEngine:265 - oldGeneratedFile, /Users/jeffreya181/Desktop/Projects/Haley/Project-Haley/HaleyEmbedded_RevA/MXTmpFiles/license.tmp_save
2026-05-10 23:02:11,161 [INFO] CodeEngine:289 - Generated code: /Users/jeffreya181/Desktop/Projects/Haley/Project-Haley/HaleyEmbedded_RevA/MXTmpFiles/license.tmp
2026-05-10 23:02:11,338 [INFO] CodeEngine:265 - oldGeneratedFile, /Users/jeffreya181/Desktop/Projects/Haley/Project-Haley/HaleyEmbedded_RevA/MXTmpFiles/gpio.tmp_save
2026-05-10 23:02:11,668 [INFO] CodeEngine:289 - Generated code: /Users/jeffreya181/Desktop/Projects/Haley/Project-Haley/HaleyEmbedded_RevA/MXTmpFiles/gpio.tmp
2026-05-10 23:02:11,945 [INFO] CodeEngine:265 - oldGeneratedFile, /Users/jeffreya181/Desktop/Projects/Haley/Project-Haley/HaleyEmbedded_RevA/MXTmpFiles/eth_vars.tmp_save
2026-05-10 23:02:12,133 [INFO] CodeEngine:289 - Generated code: /Users/jeffreya181/Desktop/Projects/Haley/Project-Haley/HaleyEmbedded_RevA/MXTmpFiles/eth_vars.tmp
2026-05-10 23:02:12,139 [INFO] CodeEngine:265 - oldGeneratedFile, /Users/jeffreya181/Desktop/Projects/Haley/Project-Haley/HaleyEmbedded_RevA/MXTmpFiles/eth_inc.tmp_save
2026-05-10 23:02:12,268 [INFO] CodeEngine:289 - Generated code: /Users/jeffreya181/Desktop/Projects/Haley/Project-Haley/HaleyEmbedded_RevA/MXTmpFiles/eth_inc.tmp
2026-05-10 23:02:12,276 [INFO] CodeEngine:265 - oldGeneratedFile, /Users/jeffreya181/Desktop/Projects/Haley/Project-Haley/HaleyEmbedded_RevA/MXTmpFiles/eth_HalInit.tmp_save
2026-05-10 23:02:12,477 [INFO] CodeEngine:289 - Generated code: /Users/jeffreya181/Desktop/Projects/Haley/Project-Haley/HaleyEmbedded_RevA/MXTmpFiles/eth_HalInit.tmp
2026-05-10 23:02:12,483 [INFO] CodeEngine:265 - oldGeneratedFile, /Users/jeffreya181/Desktop/Projects/Haley/Project-Haley/HaleyEmbedded_RevA/MXTmpFiles/eth_Msp.tmp_save
2026-05-10 23:02:12,711 [INFO] CodeEngine:289 - Generated code: /Users/jeffreya181/Desktop/Projects/Haley/Project-Haley/HaleyEmbedded_RevA/MXTmpFiles/eth_Msp.tmp
2026-05-10 23:02:12,828 [WARN] IPConfigManager:103 - WARNING: Missing Config File for DEBUG ip!!
2026-05-10 23:02:14,330 [WARN] IPConfigManager:103 - WARNING: Missing Config File for MEMORYMAP ip!!
2026-05-10 23:02:15,332 [INFO] Middleware:1452 - No code input for Bsp Dependency
2026-05-10 23:02:15,369 [INFO] CodeEngine:265 - oldGeneratedFile, /Users/jeffreya181/Desktop/Projects/Haley/Project-Haley/HaleyEmbedded_RevA/MXTmpFiles/rtos_inc.tmp_save
2026-05-10 23:02:15,716 [INFO] CodeEngine:289 - Generated code: /Users/jeffreya181/Desktop/Projects/Haley/Project-Haley/HaleyEmbedded_RevA/MXTmpFiles/rtos_inc.tmp
2026-05-10 23:02:15,781 [INFO] CodeEngine:265 - oldGeneratedFile, /Users/jeffreya181/Desktop/Projects/Haley/Project-Haley/HaleyEmbedded_RevA/MXTmpFiles/rtos_kernelInit.tmp_save
2026-05-10 23:02:16,030 [INFO] CodeEngine:289 - Generated code: /Users/jeffreya181/Desktop/Projects/Haley/Project-Haley/HaleyEmbedded_RevA/MXTmpFiles/rtos_kernelInit.tmp
2026-05-10 23:02:16,041 [INFO] CodeEngine:265 - oldGeneratedFile, /Users/jeffreya181/Desktop/Projects/Haley/Project-Haley/HaleyEmbedded_RevA/MXTmpFiles/rtos_kernelStart.tmp_save
2026-05-10 23:02:16,149 [INFO] CodeEngine:289 - Generated code: /Users/jeffreya181/Desktop/Projects/Haley/Project-Haley/HaleyEmbedded_RevA/MXTmpFiles/rtos_kernelStart.tmp
2026-05-10 23:02:16,156 [INFO] CodeEngine:265 - oldGeneratedFile, /Users/jeffreya181/Desktop/Projects/Haley/Project-Haley/HaleyEmbedded_RevA/MXTmpFiles/rtos_typedefs.tmp_save
2026-05-10 23:02:16,239 [INFO] CodeEngine:289 - Generated code: /Users/jeffreya181/Desktop/Projects/Haley/Project-Haley/HaleyEmbedded_RevA/MXTmpFiles/rtos_typedefs.tmp
2026-05-10 23:02:16,243 [INFO] CodeEngine:265 - oldGeneratedFile, /Users/jeffreya181/Desktop/Projects/Haley/Project-Haley/HaleyEmbedded_RevA/MXTmpFiles/rtos_vars.tmp_save
2026-05-10 23:02:16,319 [INFO] CodeEngine:289 - Generated code: /Users/jeffreya181/Desktop/Projects/Haley/Project-Haley/HaleyEmbedded_RevA/MXTmpFiles/rtos_vars.tmp
2026-05-10 23:02:16,326 [INFO] CodeEngine:265 - oldGeneratedFile, /Users/jeffreya181/Desktop/Projects/Haley/Project-Haley/HaleyEmbedded_RevA/MXTmpFiles/rtos_pfp.tmp_save
2026-05-10 23:02:16,386 [INFO] CodeEngine:289 - Generated code: /Users/jeffreya181/Desktop/Projects/Haley/Project-Haley/HaleyEmbedded_RevA/MXTmpFiles/rtos_pfp.tmp
2026-05-10 23:02:16,390 [INFO] CodeEngine:265 - oldGeneratedFile, /Users/jeffreya181/Desktop/Projects/Haley/Project-Haley/HaleyEmbedded_RevA/MXTmpFiles/rtos_obj_creat.tmp_save
2026-05-10 23:02:16,489 [INFO] CodeEngine:289 - Generated code: /Users/jeffreya181/Desktop/Projects/Haley/Project-Haley/HaleyEmbedded_RevA/MXTmpFiles/rtos_obj_creat.tmp
2026-05-10 23:02:16,493 [INFO] CodeEngine:265 - oldGeneratedFile, /Users/jeffreya181/Desktop/Projects/Haley/Project-Haley/HaleyEmbedded_RevA/MXTmpFiles/rtos_default_thread.tmp_save
2026-05-10 23:02:16,569 [INFO] CodeEngine:289 - Generated code: /Users/jeffreya181/Desktop/Projects/Haley/Project-Haley/HaleyEmbedded_RevA/MXTmpFiles/rtos_default_thread.tmp
2026-05-10 23:02:16,574 [INFO] CodeEngine:265 - oldGeneratedFile, /Users/jeffreya181/Desktop/Projects/Haley/Project-Haley/HaleyEmbedded_RevA/MXTmpFiles/rtos_threads.tmp_save
2026-05-10 23:02:16,644 [INFO] CodeEngine:289 - Generated code: /Users/jeffreya181/Desktop/Projects/Haley/Project-Haley/HaleyEmbedded_RevA/MXTmpFiles/rtos_threads.tmp
2026-05-10 23:02:16,688 [INFO] Middleware:1452 - No code input for Bsp Dependency
2026-05-10 23:02:16,736 [INFO] Middleware:1452 - No code input for Bsp Dependency
2026-05-10 23:02:16,754 [INFO] CodeEngine:265 - oldGeneratedFile, /Users/jeffreya181/Desktop/Projects/Haley/Project-Haley/HaleyEmbedded_RevA/MXTmpFiles/rtos_inc.tmp_save
2026-05-10 23:02:16,821 [INFO] CodeEngine:289 - Generated code: /Users/jeffreya181/Desktop/Projects/Haley/Project-Haley/HaleyEmbedded_RevA/MXTmpFiles/rtos_inc.tmp
2026-05-10 23:02:16,825 [INFO] CodeEngine:265 - oldGeneratedFile, /Users/jeffreya181/Desktop/Projects/Haley/Project-Haley/HaleyEmbedded_RevA/MXTmpFiles/rtos_kernelInit.tmp_save
2026-05-10 23:02:16,902 [INFO] CodeEngine:289 - Generated code: /Users/jeffreya181/Desktop/Projects/Haley/Project-Haley/HaleyEmbedded_RevA/MXTmpFiles/rtos_kernelInit.tmp
2026-05-10 23:02:16,906 [INFO] CodeEngine:265 - oldGeneratedFile, /Users/jeffreya181/Desktop/Projects/Haley/Project-Haley/HaleyEmbedded_RevA/MXTmpFiles/rtos_kernelStart.tmp_save
2026-05-10 23:02:16,972 [INFO] CodeEngine:289 - Generated code: /Users/jeffreya181/Desktop/Projects/Haley/Project-Haley/HaleyEmbedded_RevA/MXTmpFiles/rtos_kernelStart.tmp
2026-05-10 23:02:16,977 [INFO] CodeEngine:265 - oldGeneratedFile, /Users/jeffreya181/Desktop/Projects/Haley/Project-Haley/HaleyEmbedded_RevA/MXTmpFiles/rtos_typedefs.tmp_save
2026-05-10 23:02:17,039 [INFO] CodeEngine:289 - Generated code: /Users/jeffreya181/Desktop/Projects/Haley/Project-Haley/HaleyEmbedded_RevA/MXTmpFiles/rtos_typedefs.tmp
2026-05-10 23:02:17,044 [INFO] CodeEngine:265 - oldGeneratedFile, /Users/jeffreya181/Desktop/Projects/Haley/Project-Haley/HaleyEmbedded_RevA/MXTmpFiles/rtos_vars.tmp_save
2026-05-10 23:02:17,121 [INFO] CodeEngine:289 - Generated code: /Users/jeffreya181/Desktop/Projects/Haley/Project-Haley/HaleyEmbedded_RevA/MXTmpFiles/rtos_vars.tmp
2026-05-10 23:02:17,124 [INFO] CodeEngine:265 - oldGeneratedFile, /Users/jeffreya181/Desktop/Projects/Haley/Project-Haley/HaleyEmbedded_RevA/MXTmpFiles/rtos_pfp.tmp_save
2026-05-10 23:02:17,196 [INFO] CodeEngine:289 - Generated code: /Users/jeffreya181/Desktop/Projects/Haley/Project-Haley/HaleyEmbedded_RevA/MXTmpFiles/rtos_pfp.tmp
2026-05-10 23:02:17,199 [INFO] CodeEngine:265 - oldGeneratedFile, /Users/jeffreya181/Desktop/Projects/Haley/Project-Haley/HaleyEmbedded_RevA/MXTmpFiles/rtos_obj_creat.tmp_save
2026-05-10 23:02:17,272 [INFO] CodeEngine:289 - Generated code: /Users/jeffreya181/Desktop/Projects/Haley/Project-Haley/HaleyEmbedded_RevA/MXTmpFiles/rtos_obj_creat.tmp
2026-05-10 23:02:17,274 [INFO] CodeEngine:265 - oldGeneratedFile, /Users/jeffreya181/Desktop/Projects/Haley/Project-Haley/HaleyEmbedded_RevA/MXTmpFiles/rtos_default_thread.tmp_save
2026-05-10 23:02:17,337 [INFO] CodeEngine:289 - Generated code: /Users/jeffreya181/Desktop/Projects/Haley/Project-Haley/HaleyEmbedded_RevA/MXTmpFiles/rtos_default_thread.tmp
2026-05-10 23:02:17,341 [INFO] CodeEngine:265 - oldGeneratedFile, /Users/jeffreya181/Desktop/Projects/Haley/Project-Haley/HaleyEmbedded_RevA/MXTmpFiles/rtos_threads.tmp_save
2026-05-10 23:02:17,407 [INFO] CodeEngine:289 - Generated code: /Users/jeffreya181/Desktop/Projects/Haley/Project-Haley/HaleyEmbedded_RevA/MXTmpFiles/rtos_threads.tmp
2026-05-10 23:02:17,410 [INFO] CodeEngine:265 - oldGeneratedFile, /Users/jeffreya181/Desktop/Projects/Haley/Project-Haley/HaleyEmbedded_RevA/Core/Inc/FreeRTOSConfig.h_save
2026-05-10 23:02:17,508 [INFO] CodeEngine:289 - Generated code: /Users/jeffreya181/Desktop/Projects/Haley/Project-Haley/HaleyEmbedded_RevA/Core/Inc/FreeRTOSConfig.h
2026-05-10 23:02:17,513 [INFO] CodeEngine:265 - oldGeneratedFile, /Users/jeffreya181/Desktop/Projects/Haley/Project-Haley/HaleyEmbedded_RevA/Core/Src/freertos.c_save
2026-05-10 23:02:17,583 [INFO] CodeEngine:289 - Generated code: /Users/jeffreya181/Desktop/Projects/Haley/Project-Haley/HaleyEmbedded_RevA/Core/Src/freertos.c
2026-05-10 23:02:17,592 [INFO] CodeEngine:265 - oldGeneratedFile, /Users/jeffreya181/Desktop/Projects/Haley/Project-Haley/HaleyEmbedded_RevA/MXTmpFiles/cortex.tmp_save
2026-05-10 23:02:17,659 [INFO] CodeEngine:289 - Generated code: /Users/jeffreya181/Desktop/Projects/Haley/Project-Haley/HaleyEmbedded_RevA/MXTmpFiles/cortex.tmp
2026-05-10 23:02:17,751 [INFO] CodeEngine:265 - oldGeneratedFile, /Users/jeffreya181/Desktop/Projects/Haley/Project-Haley/HaleyEmbedded_RevA/MXTmpFiles/dma.tmp_save
2026-05-10 23:02:17,834 [INFO] CodeEngine:289 - Generated code: /Users/jeffreya181/Desktop/Projects/Haley/Project-Haley/HaleyEmbedded_RevA/MXTmpFiles/dma.tmp
2026-05-10 23:02:17,839 [INFO] CodeEngine:265 - oldGeneratedFile, /Users/jeffreya181/Desktop/Projects/Haley/Project-Haley/HaleyEmbedded_RevA/MXTmpFiles/dma_GV.tmp_save
2026-05-10 23:02:17,910 [INFO] CodeEngine:289 - Generated code: /Users/jeffreya181/Desktop/Projects/Haley/Project-Haley/HaleyEmbedded_RevA/MXTmpFiles/dma_GV.tmp
2026-05-10 23:02:17,928 [INFO] Middleware:1452 - No code input for Bsp Dependency
2026-05-10 23:02:17,946 [INFO] CodeEngine:265 - oldGeneratedFile, /Users/jeffreya181/Desktop/Projects/Haley/Project-Haley/HaleyEmbedded_RevA/LWIP/App/lwip.c_save
2026-05-10 23:02:18,025 [INFO] CodeEngine:289 - Generated code: /Users/jeffreya181/Desktop/Projects/Haley/Project-Haley/HaleyEmbedded_RevA/LWIP/App/lwip.c
2026-05-10 23:02:18,028 [INFO] CodeEngine:265 - oldGeneratedFile, /Users/jeffreya181/Desktop/Projects/Haley/Project-Haley/HaleyEmbedded_RevA/LWIP/App/lwip.h_save
2026-05-10 23:02:18,119 [INFO] CodeEngine:289 - Generated code: /Users/jeffreya181/Desktop/Projects/Haley/Project-Haley/HaleyEmbedded_RevA/LWIP/App/lwip.h
2026-05-10 23:02:18,123 [INFO] CodeEngine:265 - oldGeneratedFile, /Users/jeffreya181/Desktop/Projects/Haley/Project-Haley/HaleyEmbedded_RevA/LWIP/Target/lwipopts.h_save
2026-05-10 23:02:18,329 [INFO] CodeEngine:289 - Generated code: /Users/jeffreya181/Desktop/Projects/Haley/Project-Haley/HaleyEmbedded_RevA/LWIP/Target/lwipopts.h
2026-05-10 23:02:18,333 [INFO] CodeEngine:265 - oldGeneratedFile, /Users/jeffreya181/Desktop/Projects/Haley/Project-Haley/HaleyEmbedded_RevA/LWIP/Target/ethernetif.c_save
2026-05-10 23:02:18,414 [INFO] CodeEngine:289 - Generated code: /Users/jeffreya181/Desktop/Projects/Haley/Project-Haley/HaleyEmbedded_RevA/LWIP/Target/ethernetif.c
2026-05-10 23:02:18,417 [INFO] CodeEngine:265 - oldGeneratedFile, /Users/jeffreya181/Desktop/Projects/Haley/Project-Haley/HaleyEmbedded_RevA/LWIP/Target/ethernetif.h_save
2026-05-10 23:02:18,480 [INFO] CodeEngine:289 - Generated code: /Users/jeffreya181/Desktop/Projects/Haley/Project-Haley/HaleyEmbedded_RevA/LWIP/Target/ethernetif.h
2026-05-10 23:02:18,525 [INFO] CodeEngine:265 - oldGeneratedFile, /Users/jeffreya181/Desktop/Projects/Haley/Project-Haley/HaleyEmbedded_RevA/MXTmpFiles/sai_init.tmp_save
2026-05-10 23:02:18,589 [INFO] CodeEngine:289 - Generated code: /Users/jeffreya181/Desktop/Projects/Haley/Project-Haley/HaleyEmbedded_RevA/MXTmpFiles/sai_init.tmp
2026-05-10 23:02:18,592 [INFO] CodeEngine:265 - oldGeneratedFile, /Users/jeffreya181/Desktop/Projects/Haley/Project-Haley/HaleyEmbedded_RevA/MXTmpFiles/sai_GV.tmp_save
2026-05-10 23:02:18,648 [INFO] CodeEngine:289 - Generated code: /Users/jeffreya181/Desktop/Projects/Haley/Project-Haley/HaleyEmbedded_RevA/MXTmpFiles/sai_GV.tmp
2026-05-10 23:02:18,651 [INFO] CodeEngine:265 - oldGeneratedFile, /Users/jeffreya181/Desktop/Projects/Haley/Project-Haley/HaleyEmbedded_RevA/MXTmpFiles/sai_msp.tmp_save
2026-05-10 23:02:18,745 [INFO] CodeEngine:289 - Generated code: /Users/jeffreya181/Desktop/Projects/Haley/Project-Haley/HaleyEmbedded_RevA/MXTmpFiles/sai_msp.tmp
2026-05-10 23:02:18,775 [INFO] CodeEngine:265 - oldGeneratedFile, /Users/jeffreya181/Desktop/Projects/Haley/Project-Haley/HaleyEmbedded_RevA/Core/Src/stm32h7xx_it.c_save
2026-05-10 23:02:19,122 [INFO] CodeEngine:289 - Generated code: /Users/jeffreya181/Desktop/Projects/Haley/Project-Haley/HaleyEmbedded_RevA/Core/Src/stm32h7xx_it.c
2026-05-10 23:02:19,162 [INFO] CodeEngine:265 - oldGeneratedFile, /Users/jeffreya181/Desktop/Projects/Haley/Project-Haley/HaleyEmbedded_RevA/Core/Inc/stm32h7xx_it.h_save
2026-05-10 23:02:19,309 [INFO] CodeEngine:289 - Generated code: /Users/jeffreya181/Desktop/Projects/Haley/Project-Haley/HaleyEmbedded_RevA/Core/Inc/stm32h7xx_it.h
2026-05-10 23:02:19,492 [INFO] CodeEngine:265 - oldGeneratedFile, /Users/jeffreya181/Desktop/Projects/Haley/Project-Haley/HaleyEmbedded_RevA/MXTmpFiles/sai_init.tmp_save
2026-05-10 23:02:19,754 [INFO] CodeEngine:289 - Generated code: /Users/jeffreya181/Desktop/Projects/Haley/Project-Haley/HaleyEmbedded_RevA/MXTmpFiles/sai_init.tmp
2026-05-10 23:02:19,764 [INFO] CodeEngine:265 - oldGeneratedFile, /Users/jeffreya181/Desktop/Projects/Haley/Project-Haley/HaleyEmbedded_RevA/MXTmpFiles/sai_GV.tmp_save
2026-05-10 23:02:19,835 [INFO] CodeEngine:289 - Generated code: /Users/jeffreya181/Desktop/Projects/Haley/Project-Haley/HaleyEmbedded_RevA/MXTmpFiles/sai_GV.tmp
2026-05-10 23:02:19,838 [INFO] CodeEngine:265 - oldGeneratedFile, /Users/jeffreya181/Desktop/Projects/Haley/Project-Haley/HaleyEmbedded_RevA/MXTmpFiles/sai_msp.tmp_save
2026-05-10 23:02:19,950 [INFO] CodeEngine:289 - Generated code: /Users/jeffreya181/Desktop/Projects/Haley/Project-Haley/HaleyEmbedded_RevA/MXTmpFiles/sai_msp.tmp
2026-05-10 23:02:20,267 [INFO] CodeEngine:265 - oldGeneratedFile, /Users/jeffreya181/Desktop/Projects/Haley/Project-Haley/HaleyEmbedded_RevA/Core/Src/stm32h7xx_hal_msp.c_save
2026-05-10 23:02:20,601 [INFO] CodeEngine:289 - Generated code: /Users/jeffreya181/Desktop/Projects/Haley/Project-Haley/HaleyEmbedded_RevA/Core/Src/stm32h7xx_hal_msp.c
2026-05-10 23:02:20,610 [INFO] CodeEngine:265 - oldGeneratedFile, /Users/jeffreya181/Desktop/Projects/Haley/Project-Haley/HaleyEmbedded_RevA/MXTmpFiles/system.tmp_save
2026-05-10 23:02:20,692 [INFO] CodeEngine:289 - Generated code: /Users/jeffreya181/Desktop/Projects/Haley/Project-Haley/HaleyEmbedded_RevA/MXTmpFiles/system.tmp
2026-05-10 23:02:20,709 [INFO] CodeEngine:321 - oldGeneratedFile, /Users/jeffreya181/Desktop/Projects/Haley/Project-Haley/HaleyEmbedded_RevA/Core/Inc/stm32h7xx_hal_conf.h_save
2026-05-10 23:02:20,800 [INFO] CodeEngine:345 - Generated code: /Users/jeffreya181/Desktop/Projects/Haley/Project-Haley/HaleyEmbedded_RevA/Core/Inc/stm32h7xx_hal_conf.h
2026-05-10 23:02:21,126 [INFO] ApiDbMcu:532 - Load IP Config File for I2C1
2026-05-10 23:02:21,151 [INFO] ApiDbMcu:532 - Load IP Config File for RTC
2026-05-10 23:02:21,156 [WARN] IPConfigManager:3811 - IP not found : TIM
2026-05-10 23:02:21,157 [WARN] CodeGenerator:4259 - IP not found : null
2026-05-10 23:02:21,170 [INFO] CodeEngine:265 - oldGeneratedFile, /Users/jeffreya181/Desktop/Projects/Haley/Project-Haley/HaleyEmbedded_RevA/Core/Inc/main.h_save
2026-05-10 23:02:21,281 [INFO] CodeEngine:289 - Generated code: /Users/jeffreya181/Desktop/Projects/Haley/Project-Haley/HaleyEmbedded_RevA/Core/Inc/main.h
2026-05-10 23:02:21,284 [INFO] CodeEngine:265 - oldGeneratedFile, /Users/jeffreya181/Desktop/Projects/Haley/Project-Haley/HaleyEmbedded_RevA/Core/Src/main.c_save
2026-05-10 23:02:21,469 [INFO] CodeEngine:289 - Generated code: /Users/jeffreya181/Desktop/Projects/Haley/Project-Haley/HaleyEmbedded_RevA/Core/Src/main.c
2026-05-10 23:02:22,501 [INFO] ProjectBuilder:3606 - Time for Copy HAL[1] : 534mS.
2026-05-10 23:02:22,558 [INFO] ProjectBuilder:5216 - Project Generator version: 4.7.0-B52
2026-05-10 23:02:22,849 [INFO] ConfigFileManager:1595 - The Die is : DIE450
2026-05-10 23:02:27,216 [INFO] ProjectBuilder:5496 - Time for Generating toolchain IDE Files: 4644mS.
2026-05-10 23:02:27,231 [INFO] ProjectBuilder:3463 - Time for Copy CMSIS : 2mS.
2026-05-10 23:02:27,242 [INFO] ProjectBuilder:3463 - Time for Copy CMSIS : 0mS.
2026-05-10 23:05:36,535 [ERROR] RtosPanel:558 - Can not restore the selected Tab for FREERTOS(A reason can be that the tab is no more available.)
2026-05-10 23:07:47,047 [INFO] UtilMem:75 - End SaveConfig() Used Memory: 924800952 Bytes (1073741824)
2026-05-10 23:07:51,962 [INFO] UtilMem:75 - End SaveConfig() Used Memory: 873711320 Bytes (1073741824)
2026-05-10 23:07:53,255 [INFO] ProjectBuilder:2395 - IP not ready for code generation: LWIP
2026-05-10 23:07:55,345 [INFO] BlockDiagram:2775 - set Specific Code input for plugin: IWDG
2026-05-10 23:07:55,346 [INFO] BlockDiagram:2775 - set Specific Code input for plugin: FREERTOS
2026-05-10 23:07:55,346 [INFO] BlockDiagram:2775 - set Specific Code input for plugin: I2S
2026-05-10 23:07:55,346 [INFO] BlockDiagram:2775 - set Specific Code input for plugin: RCC
2026-05-10 23:07:55,347 [INFO] BlockDiagram:2775 - set Specific Code input for plugin: I2C
2026-05-10 23:07:55,347 [INFO] BlockDiagram:2775 - set Specific Code input for plugin: RTC
2026-05-10 23:07:55,347 [INFO] BlockDiagram:2775 - set Specific Code input for plugin: USART
2026-05-10 23:07:55,348 [INFO] BlockDiagram:2775 - set Specific Code input for plugin: FDCAN
2026-05-10 23:07:55,348 [INFO] BlockDiagram:2775 - set Specific Code input for plugin: ETH
2026-05-10 23:07:55,348 [INFO] BlockDiagram:2775 - set Specific Code input for plugin: MEMORYMAP
2026-05-10 23:07:55,348 [INFO] BlockDiagram:2775 - set Specific Code input for plugin: TIM6_7H7
2026-05-10 23:07:55,348 [INFO] BlockDiagram:2775 - set Specific Code input for plugin: SYS
2026-05-10 23:07:55,348 [INFO] BlockDiagram:2775 - set Specific Code input for plugin: NVIC
2026-05-10 23:07:55,349 [INFO] BlockDiagram:2775 - set Specific Code input for plugin: LWIP
2026-05-10 23:07:55,349 [INFO] BlockDiagram:2775 - set Specific Code input for plugin: DMA
2026-05-10 23:07:55,349 [INFO] BlockDiagram:2775 - set Specific Code input for plugin: DEBUG
2026-05-10 23:07:55,353 [INFO] BlockDiagram:2775 - set Specific Code input for plugin: GPIO
2026-05-10 23:07:55,358 [INFO] BlockDiagram:2775 - set Specific Code input for plugin: SAI
2026-05-10 23:07:55,360 [INFO] CodeGenerator:892 - code generatio: config db path: /Applications/STM32CubeIDE.app/Contents/Eclipse/plugins/com.st.stm32cube.common.mx_6.15.0.202507011659//db/
2026-05-10 23:07:55,381 [INFO] Argument:325 - Argument : hdmavalue: null
2026-05-10 23:07:55,382 [INFO] Argument:327 - 	 sub Args: 
2026-05-10 23:07:55,382 [INFO] Argument:325 - Argument : Instancevalue: DMA1_Stream0
2026-05-10 23:07:55,382 [INFO] Argument:335 - Argument : Instancevalue: DMA1_Stream0
2026-05-10 23:07:55,382 [INFO] Argument:325 - Argument : Initvalue: null
2026-05-10 23:07:55,382 [INFO] Argument:327 - 	 sub Args: 
2026-05-10 23:07:55,383 [INFO] Argument:325 - Argument : Requestvalue: DMA_REQUEST_GENERATOR1
2026-05-10 23:07:55,383 [INFO] Argument:335 - Argument : Requestvalue: DMA_REQUEST_GENERATOR1
2026-05-10 23:07:55,383 [INFO] Argument:325 - Argument : Directionvalue: DMA_PERIPH_TO_MEMORY
2026-05-10 23:07:55,383 [INFO] Argument:335 - Argument : Directionvalue: DMA_PERIPH_TO_MEMORY
2026-05-10 23:07:55,383 [INFO] Argument:325 - Argument : PeriphIncvalue: DMA_PINC_DISABLE
2026-05-10 23:07:55,383 [INFO] Argument:335 - Argument : PeriphIncvalue: DMA_PINC_DISABLE
2026-05-10 23:07:55,383 [INFO] Argument:325 - Argument : MemIncvalue: DMA_MINC_ENABLE
2026-05-10 23:07:55,384 [INFO] Argument:335 - Argument : MemIncvalue: DMA_MINC_ENABLE
2026-05-10 23:07:55,385 [INFO] Argument:325 - Argument : PeriphDataAlignmentvalue: DMA_PDATAALIGN_BYTE
2026-05-10 23:07:55,385 [INFO] Argument:335 - Argument : PeriphDataAlignmentvalue: DMA_PDATAALIGN_BYTE
2026-05-10 23:07:55,385 [INFO] Argument:325 - Argument : MemDataAlignmentvalue: DMA_MDATAALIGN_BYTE
2026-05-10 23:07:55,385 [INFO] Argument:335 - Argument : MemDataAlignmentvalue: DMA_MDATAALIGN_BYTE
2026-05-10 23:07:55,385 [INFO] Argument:325 - Argument : Modevalue: DMA_CIRCULAR
2026-05-10 23:07:55,385 [INFO] Argument:335 - Argument : Modevalue: DMA_CIRCULAR
2026-05-10 23:07:55,386 [INFO] Argument:325 - Argument : Priorityvalue: DMA_PRIORITY_VERY_HIGH
2026-05-10 23:07:55,386 [INFO] Argument:335 - Argument : Priorityvalue: DMA_PRIORITY_VERY_HIGH
2026-05-10 23:07:55,386 [INFO] Argument:325 - Argument : FIFOModevalue: DMA_FIFOMODE_ENABLE
2026-05-10 23:07:55,386 [INFO] Argument:335 - Argument : FIFOModevalue: DMA_FIFOMODE_ENABLE
2026-05-10 23:07:55,387 [INFO] Argument:325 - Argument : FIFOThresholdvalue: DMA_FIFO_THRESHOLD_FULL
2026-05-10 23:07:55,387 [INFO] Argument:335 - Argument : FIFOThresholdvalue: DMA_FIFO_THRESHOLD_FULL
2026-05-10 23:07:55,387 [INFO] Argument:325 - Argument : MemBurstvalue: DMA_MBURST_SINGLE
2026-05-10 23:07:55,387 [INFO] Argument:335 - Argument : MemBurstvalue: DMA_MBURST_SINGLE
2026-05-10 23:07:55,387 [INFO] Argument:325 - Argument : PeriphBurstvalue: DMA_PBURST_SINGLE
2026-05-10 23:07:55,388 [INFO] Argument:335 - Argument : PeriphBurstvalue: DMA_PBURST_SINGLE
2026-05-10 23:07:55,388 [INFO] Argument:325 - Argument : Lockvalue: null
2026-05-10 23:07:55,388 [INFO] Argument:335 - Argument : Lockvalue: null
2026-05-10 23:07:55,388 [INFO] Argument:325 - Argument : Statevalue: null
2026-05-10 23:07:55,389 [INFO] Argument:335 - Argument : Statevalue: null
2026-05-10 23:07:55,389 [INFO] Argument:325 - Argument : Parentvalue: null
2026-05-10 23:07:55,389 [INFO] Argument:335 - Argument : Parentvalue: null
2026-05-10 23:07:55,389 [INFO] Argument:325 - Argument : XferCpltCallbackvalue: null
2026-05-10 23:07:55,389 [INFO] Argument:335 - Argument : XferCpltCallbackvalue: null
2026-05-10 23:07:55,389 [INFO] Argument:325 - Argument : XferHalfCpltCallbackvalue: null
2026-05-10 23:07:55,390 [INFO] Argument:335 - Argument : XferHalfCpltCallbackvalue: null
2026-05-10 23:07:55,390 [INFO] Argument:325 - Argument : XferM1CpltCallbackvalue: null
2026-05-10 23:07:55,390 [INFO] Argument:335 - Argument : XferM1CpltCallbackvalue: null
2026-05-10 23:07:55,390 [INFO] Argument:325 - Argument : XferM1HalfCpltCallbackvalue: null
2026-05-10 23:07:55,390 [INFO] Argument:335 - Argument : XferM1HalfCpltCallbackvalue: null
2026-05-10 23:07:55,390 [INFO] Argument:325 - Argument : XferErrorCallbackvalue: null
2026-05-10 23:07:55,390 [INFO] Argument:335 - Argument : XferErrorCallbackvalue: null
2026-05-10 23:07:55,390 [INFO] Argument:325 - Argument : XferAbortCallbackvalue: null
2026-05-10 23:07:55,390 [INFO] Argument:335 - Argument : XferAbortCallbackvalue: null
2026-05-10 23:07:55,391 [INFO] Argument:325 - Argument : ErrorCodevalue: null
2026-05-10 23:07:55,391 [INFO] Argument:335 - Argument : ErrorCodevalue: null
2026-05-10 23:07:55,391 [INFO] Argument:325 - Argument : StreamBaseAddressvalue: null
2026-05-10 23:07:55,391 [INFO] Argument:335 - Argument : StreamBaseAddressvalue: null
2026-05-10 23:07:55,391 [INFO] Argument:325 - Argument : StreamIndexvalue: null
2026-05-10 23:07:55,391 [INFO] Argument:335 - Argument : StreamIndexvalue: null
2026-05-10 23:07:55,421 [WARN] IP:2250 - ClockDivider not found: check if there is a RefParameter without a condition.
2026-05-10 23:07:55,422 [WARN] IP:2250 - ClockDividerCCU not found: check if there is a RefParameter without a condition.
2026-05-10 23:07:55,422 [WARN] IP:2250 - MinOscClkPeriodsCCU not found: check if there is a RefParameter without a condition.
2026-05-10 23:07:55,422 [WARN] IP:2250 - TimeQuantaPerBitTimeCCU not found: check if there is a RefParameter without a condition.
2026-05-10 23:07:55,422 [WARN] IP:2250 - WatchdogStartValueCCU not found: check if there is a RefParameter without a condition.
2026-05-10 23:07:55,448 [WARN] IP:2250 - LWIP_NETIF_HOSTNAME_NAME not found: check if there is a RefParameter without a condition.
2026-05-10 23:07:55,885 [INFO] CodeEngine:265 - oldGeneratedFile, /Users/jeffreya181/Desktop/Projects/Haley/Project-Haley/HaleyEmbedded_RevA/MXTmpFiles/license.tmp_save
2026-05-10 23:07:56,405 [INFO] CodeEngine:289 - Generated code: /Users/jeffreya181/Desktop/Projects/Haley/Project-Haley/HaleyEmbedded_RevA/MXTmpFiles/license.tmp
2026-05-10 23:07:56,581 [INFO] CodeEngine:265 - oldGeneratedFile, /Users/jeffreya181/Desktop/Projects/Haley/Project-Haley/HaleyEmbedded_RevA/MXTmpFiles/gpio.tmp_save
2026-05-10 23:07:56,855 [INFO] CodeEngine:289 - Generated code: /Users/jeffreya181/Desktop/Projects/Haley/Project-Haley/HaleyEmbedded_RevA/MXTmpFiles/gpio.tmp
2026-05-10 23:07:57,117 [INFO] CodeEngine:265 - oldGeneratedFile, /Users/jeffreya181/Desktop/Projects/Haley/Project-Haley/HaleyEmbedded_RevA/MXTmpFiles/eth_vars.tmp_save
2026-05-10 23:07:57,282 [INFO] CodeEngine:289 - Generated code: /Users/jeffreya181/Desktop/Projects/Haley/Project-Haley/HaleyEmbedded_RevA/MXTmpFiles/eth_vars.tmp
2026-05-10 23:07:57,285 [INFO] CodeEngine:265 - oldGeneratedFile, /Users/jeffreya181/Desktop/Projects/Haley/Project-Haley/HaleyEmbedded_RevA/MXTmpFiles/eth_inc.tmp_save
2026-05-10 23:07:57,412 [INFO] CodeEngine:289 - Generated code: /Users/jeffreya181/Desktop/Projects/Haley/Project-Haley/HaleyEmbedded_RevA/MXTmpFiles/eth_inc.tmp
2026-05-10 23:07:57,415 [INFO] CodeEngine:265 - oldGeneratedFile, /Users/jeffreya181/Desktop/Projects/Haley/Project-Haley/HaleyEmbedded_RevA/MXTmpFiles/eth_HalInit.tmp_save
2026-05-10 23:07:57,599 [INFO] CodeEngine:289 - Generated code: /Users/jeffreya181/Desktop/Projects/Haley/Project-Haley/HaleyEmbedded_RevA/MXTmpFiles/eth_HalInit.tmp
2026-05-10 23:07:57,601 [INFO] CodeEngine:265 - oldGeneratedFile, /Users/jeffreya181/Desktop/Projects/Haley/Project-Haley/HaleyEmbedded_RevA/MXTmpFiles/eth_Msp.tmp_save
2026-05-10 23:07:57,791 [INFO] CodeEngine:289 - Generated code: /Users/jeffreya181/Desktop/Projects/Haley/Project-Haley/HaleyEmbedded_RevA/MXTmpFiles/eth_Msp.tmp
2026-05-10 23:07:58,039 [WARN] IPConfigManager:103 - WARNING: Missing Config File for DEBUG ip!!
2026-05-10 23:07:59,200 [WARN] IPConfigManager:103 - WARNING: Missing Config File for MEMORYMAP ip!!
2026-05-10 23:08:00,189 [INFO] Middleware:1452 - No code input for Bsp Dependency
2026-05-10 23:08:00,245 [INFO] CodeEngine:265 - oldGeneratedFile, /Users/jeffreya181/Desktop/Projects/Haley/Project-Haley/HaleyEmbedded_RevA/MXTmpFiles/rtos_inc.tmp_save
2026-05-10 23:08:00,515 [INFO] CodeEngine:289 - Generated code: /Users/jeffreya181/Desktop/Projects/Haley/Project-Haley/HaleyEmbedded_RevA/MXTmpFiles/rtos_inc.tmp
2026-05-10 23:08:00,527 [INFO] CodeEngine:265 - oldGeneratedFile, /Users/jeffreya181/Desktop/Projects/Haley/Project-Haley/HaleyEmbedded_RevA/MXTmpFiles/rtos_kernelInit.tmp_save
2026-05-10 23:08:00,681 [INFO] CodeEngine:289 - Generated code: /Users/jeffreya181/Desktop/Projects/Haley/Project-Haley/HaleyEmbedded_RevA/MXTmpFiles/rtos_kernelInit.tmp
2026-05-10 23:08:00,684 [INFO] CodeEngine:265 - oldGeneratedFile, /Users/jeffreya181/Desktop/Projects/Haley/Project-Haley/HaleyEmbedded_RevA/MXTmpFiles/rtos_kernelStart.tmp_save
2026-05-10 23:08:00,766 [INFO] CodeEngine:289 - Generated code: /Users/jeffreya181/Desktop/Projects/Haley/Project-Haley/HaleyEmbedded_RevA/MXTmpFiles/rtos_kernelStart.tmp
2026-05-10 23:08:00,774 [INFO] CodeEngine:265 - oldGeneratedFile, /Users/jeffreya181/Desktop/Projects/Haley/Project-Haley/HaleyEmbedded_RevA/MXTmpFiles/rtos_typedefs.tmp_save
2026-05-10 23:08:00,846 [INFO] CodeEngine:289 - Generated code: /Users/jeffreya181/Desktop/Projects/Haley/Project-Haley/HaleyEmbedded_RevA/MXTmpFiles/rtos_typedefs.tmp
2026-05-10 23:08:00,848 [INFO] CodeEngine:265 - oldGeneratedFile, /Users/jeffreya181/Desktop/Projects/Haley/Project-Haley/HaleyEmbedded_RevA/MXTmpFiles/rtos_vars.tmp_save
2026-05-10 23:08:00,919 [INFO] CodeEngine:289 - Generated code: /Users/jeffreya181/Desktop/Projects/Haley/Project-Haley/HaleyEmbedded_RevA/MXTmpFiles/rtos_vars.tmp
2026-05-10 23:08:00,923 [INFO] CodeEngine:265 - oldGeneratedFile, /Users/jeffreya181/Desktop/Projects/Haley/Project-Haley/HaleyEmbedded_RevA/MXTmpFiles/rtos_pfp.tmp_save
2026-05-10 23:08:00,992 [INFO] CodeEngine:289 - Generated code: /Users/jeffreya181/Desktop/Projects/Haley/Project-Haley/HaleyEmbedded_RevA/MXTmpFiles/rtos_pfp.tmp
2026-05-10 23:08:00,997 [INFO] CodeEngine:265 - oldGeneratedFile, /Users/jeffreya181/Desktop/Projects/Haley/Project-Haley/HaleyEmbedded_RevA/MXTmpFiles/rtos_obj_creat.tmp_save
2026-05-10 23:08:01,061 [INFO] CodeEngine:289 - Generated code: /Users/jeffreya181/Desktop/Projects/Haley/Project-Haley/HaleyEmbedded_RevA/MXTmpFiles/rtos_obj_creat.tmp
2026-05-10 23:08:01,064 [INFO] CodeEngine:265 - oldGeneratedFile, /Users/jeffreya181/Desktop/Projects/Haley/Project-Haley/HaleyEmbedded_RevA/MXTmpFiles/rtos_default_thread.tmp_save
2026-05-10 23:08:01,126 [INFO] CodeEngine:289 - Generated code: /Users/jeffreya181/Desktop/Projects/Haley/Project-Haley/HaleyEmbedded_RevA/MXTmpFiles/rtos_default_thread.tmp
2026-05-10 23:08:01,132 [INFO] CodeEngine:265 - oldGeneratedFile, /Users/jeffreya181/Desktop/Projects/Haley/Project-Haley/HaleyEmbedded_RevA/MXTmpFiles/rtos_threads.tmp_save
2026-05-10 23:08:01,197 [INFO] CodeEngine:289 - Generated code: /Users/jeffreya181/Desktop/Projects/Haley/Project-Haley/HaleyEmbedded_RevA/MXTmpFiles/rtos_threads.tmp
2026-05-10 23:08:01,251 [INFO] Middleware:1452 - No code input for Bsp Dependency
2026-05-10 23:08:01,286 [INFO] Middleware:1452 - No code input for Bsp Dependency
2026-05-10 23:08:01,295 [INFO] CodeEngine:265 - oldGeneratedFile, /Users/jeffreya181/Desktop/Projects/Haley/Project-Haley/HaleyEmbedded_RevA/MXTmpFiles/rtos_inc.tmp_save
2026-05-10 23:08:01,358 [INFO] CodeEngine:289 - Generated code: /Users/jeffreya181/Desktop/Projects/Haley/Project-Haley/HaleyEmbedded_RevA/MXTmpFiles/rtos_inc.tmp
2026-05-10 23:08:01,360 [INFO] CodeEngine:265 - oldGeneratedFile, /Users/jeffreya181/Desktop/Projects/Haley/Project-Haley/HaleyEmbedded_RevA/MXTmpFiles/rtos_kernelInit.tmp_save
2026-05-10 23:08:01,431 [INFO] CodeEngine:289 - Generated code: /Users/jeffreya181/Desktop/Projects/Haley/Project-Haley/HaleyEmbedded_RevA/MXTmpFiles/rtos_kernelInit.tmp
2026-05-10 23:08:01,434 [INFO] CodeEngine:265 - oldGeneratedFile, /Users/jeffreya181/Desktop/Projects/Haley/Project-Haley/HaleyEmbedded_RevA/MXTmpFiles/rtos_kernelStart.tmp_save
2026-05-10 23:08:01,509 [INFO] CodeEngine:289 - Generated code: /Users/jeffreya181/Desktop/Projects/Haley/Project-Haley/HaleyEmbedded_RevA/MXTmpFiles/rtos_kernelStart.tmp
2026-05-10 23:08:01,513 [INFO] CodeEngine:265 - oldGeneratedFile, /Users/jeffreya181/Desktop/Projects/Haley/Project-Haley/HaleyEmbedded_RevA/MXTmpFiles/rtos_typedefs.tmp_save
2026-05-10 23:08:01,584 [INFO] CodeEngine:289 - Generated code: /Users/jeffreya181/Desktop/Projects/Haley/Project-Haley/HaleyEmbedded_RevA/MXTmpFiles/rtos_typedefs.tmp
2026-05-10 23:08:01,588 [INFO] CodeEngine:265 - oldGeneratedFile, /Users/jeffreya181/Desktop/Projects/Haley/Project-Haley/HaleyEmbedded_RevA/MXTmpFiles/rtos_vars.tmp_save
2026-05-10 23:08:01,656 [INFO] CodeEngine:289 - Generated code: /Users/jeffreya181/Desktop/Projects/Haley/Project-Haley/HaleyEmbedded_RevA/MXTmpFiles/rtos_vars.tmp
2026-05-10 23:08:01,665 [INFO] CodeEngine:265 - oldGeneratedFile, /Users/jeffreya181/Desktop/Projects/Haley/Project-Haley/HaleyEmbedded_RevA/MXTmpFiles/rtos_pfp.tmp_save
2026-05-10 23:08:01,736 [INFO] CodeEngine:289 - Generated code: /Users/jeffreya181/Desktop/Projects/Haley/Project-Haley/HaleyEmbedded_RevA/MXTmpFiles/rtos_pfp.tmp
2026-05-10 23:08:01,743 [INFO] CodeEngine:265 - oldGeneratedFile, /Users/jeffreya181/Desktop/Projects/Haley/Project-Haley/HaleyEmbedded_RevA/MXTmpFiles/rtos_obj_creat.tmp_save
2026-05-10 23:08:01,817 [INFO] CodeEngine:289 - Generated code: /Users/jeffreya181/Desktop/Projects/Haley/Project-Haley/HaleyEmbedded_RevA/MXTmpFiles/rtos_obj_creat.tmp
2026-05-10 23:08:01,820 [INFO] CodeEngine:265 - oldGeneratedFile, /Users/jeffreya181/Desktop/Projects/Haley/Project-Haley/HaleyEmbedded_RevA/MXTmpFiles/rtos_default_thread.tmp_save
2026-05-10 23:08:01,885 [INFO] CodeEngine:289 - Generated code: /Users/jeffreya181/Desktop/Projects/Haley/Project-Haley/HaleyEmbedded_RevA/MXTmpFiles/rtos_default_thread.tmp
2026-05-10 23:08:01,888 [INFO] CodeEngine:265 - oldGeneratedFile, /Users/jeffreya181/Desktop/Projects/Haley/Project-Haley/HaleyEmbedded_RevA/MXTmpFiles/rtos_threads.tmp_save
2026-05-10 23:08:01,956 [INFO] CodeEngine:289 - Generated code: /Users/jeffreya181/Desktop/Projects/Haley/Project-Haley/HaleyEmbedded_RevA/MXTmpFiles/rtos_threads.tmp
2026-05-10 23:08:01,961 [INFO] CodeEngine:265 - oldGeneratedFile, /Users/jeffreya181/Desktop/Projects/Haley/Project-Haley/HaleyEmbedded_RevA/Core/Inc/FreeRTOSConfig.h_save
2026-05-10 23:08:02,082 [INFO] CodeEngine:289 - Generated code: /Users/jeffreya181/Desktop/Projects/Haley/Project-Haley/HaleyEmbedded_RevA/Core/Inc/FreeRTOSConfig.h
2026-05-10 23:08:02,086 [INFO] CodeEngine:265 - oldGeneratedFile, /Users/jeffreya181/Desktop/Projects/Haley/Project-Haley/HaleyEmbedded_RevA/Core/Src/freertos.c_save
2026-05-10 23:08:02,174 [INFO] CodeEngine:289 - Generated code: /Users/jeffreya181/Desktop/Projects/Haley/Project-Haley/HaleyEmbedded_RevA/Core/Src/freertos.c
2026-05-10 23:08:02,185 [INFO] CodeEngine:265 - oldGeneratedFile, /Users/jeffreya181/Desktop/Projects/Haley/Project-Haley/HaleyEmbedded_RevA/MXTmpFiles/cortex.tmp_save
2026-05-10 23:08:02,247 [INFO] CodeEngine:289 - Generated code: /Users/jeffreya181/Desktop/Projects/Haley/Project-Haley/HaleyEmbedded_RevA/MXTmpFiles/cortex.tmp
2026-05-10 23:08:02,349 [INFO] CodeEngine:265 - oldGeneratedFile, /Users/jeffreya181/Desktop/Projects/Haley/Project-Haley/HaleyEmbedded_RevA/MXTmpFiles/dma.tmp_save
2026-05-10 23:08:02,422 [INFO] CodeEngine:289 - Generated code: /Users/jeffreya181/Desktop/Projects/Haley/Project-Haley/HaleyEmbedded_RevA/MXTmpFiles/dma.tmp
2026-05-10 23:08:02,426 [INFO] CodeEngine:265 - oldGeneratedFile, /Users/jeffreya181/Desktop/Projects/Haley/Project-Haley/HaleyEmbedded_RevA/MXTmpFiles/dma_GV.tmp_save
2026-05-10 23:08:02,489 [INFO] CodeEngine:289 - Generated code: /Users/jeffreya181/Desktop/Projects/Haley/Project-Haley/HaleyEmbedded_RevA/MXTmpFiles/dma_GV.tmp
2026-05-10 23:08:02,514 [INFO] Middleware:1452 - No code input for Bsp Dependency
2026-05-10 23:08:02,528 [INFO] CodeEngine:265 - oldGeneratedFile, /Users/jeffreya181/Desktop/Projects/Haley/Project-Haley/HaleyEmbedded_RevA/LWIP/App/lwip.c_save
2026-05-10 23:08:02,603 [INFO] CodeEngine:289 - Generated code: /Users/jeffreya181/Desktop/Projects/Haley/Project-Haley/HaleyEmbedded_RevA/LWIP/App/lwip.c
2026-05-10 23:08:02,606 [INFO] CodeEngine:265 - oldGeneratedFile, /Users/jeffreya181/Desktop/Projects/Haley/Project-Haley/HaleyEmbedded_RevA/LWIP/App/lwip.h_save
2026-05-10 23:08:02,700 [INFO] CodeEngine:289 - Generated code: /Users/jeffreya181/Desktop/Projects/Haley/Project-Haley/HaleyEmbedded_RevA/LWIP/App/lwip.h
2026-05-10 23:08:02,703 [INFO] CodeEngine:265 - oldGeneratedFile, /Users/jeffreya181/Desktop/Projects/Haley/Project-Haley/HaleyEmbedded_RevA/LWIP/Target/lwipopts.h_save
2026-05-10 23:08:02,939 [INFO] CodeEngine:289 - Generated code: /Users/jeffreya181/Desktop/Projects/Haley/Project-Haley/HaleyEmbedded_RevA/LWIP/Target/lwipopts.h
2026-05-10 23:08:02,999 [INFO] CodeEngine:265 - oldGeneratedFile, /Users/jeffreya181/Desktop/Projects/Haley/Project-Haley/HaleyEmbedded_RevA/LWIP/Target/ethernetif.c_save
2026-05-10 23:08:03,213 [INFO] CodeEngine:289 - Generated code: /Users/jeffreya181/Desktop/Projects/Haley/Project-Haley/HaleyEmbedded_RevA/LWIP/Target/ethernetif.c
2026-05-10 23:08:03,221 [INFO] CodeEngine:265 - oldGeneratedFile, /Users/jeffreya181/Desktop/Projects/Haley/Project-Haley/HaleyEmbedded_RevA/LWIP/Target/ethernetif.h_save
2026-05-10 23:08:03,295 [INFO] CodeEngine:289 - Generated code: /Users/jeffreya181/Desktop/Projects/Haley/Project-Haley/HaleyEmbedded_RevA/LWIP/Target/ethernetif.h
2026-05-10 23:08:03,485 [INFO] CodeEngine:265 - oldGeneratedFile, /Users/jeffreya181/Desktop/Projects/Haley/Project-Haley/HaleyEmbedded_RevA/MXTmpFiles/sai_init.tmp_save
2026-05-10 23:08:03,702 [INFO] CodeEngine:289 - Generated code: /Users/jeffreya181/Desktop/Projects/Haley/Project-Haley/HaleyEmbedded_RevA/MXTmpFiles/sai_init.tmp
2026-05-10 23:08:03,719 [INFO] CodeEngine:265 - oldGeneratedFile, /Users/jeffreya181/Desktop/Projects/Haley/Project-Haley/HaleyEmbedded_RevA/MXTmpFiles/sai_GV.tmp_save
2026-05-10 23:08:03,777 [INFO] CodeEngine:289 - Generated code: /Users/jeffreya181/Desktop/Projects/Haley/Project-Haley/HaleyEmbedded_RevA/MXTmpFiles/sai_GV.tmp
2026-05-10 23:08:03,780 [INFO] CodeEngine:265 - oldGeneratedFile, /Users/jeffreya181/Desktop/Projects/Haley/Project-Haley/HaleyEmbedded_RevA/MXTmpFiles/sai_msp.tmp_save
2026-05-10 23:08:03,877 [INFO] CodeEngine:289 - Generated code: /Users/jeffreya181/Desktop/Projects/Haley/Project-Haley/HaleyEmbedded_RevA/MXTmpFiles/sai_msp.tmp
2026-05-10 23:08:03,918 [INFO] CodeEngine:265 - oldGeneratedFile, /Users/jeffreya181/Desktop/Projects/Haley/Project-Haley/HaleyEmbedded_RevA/Core/Src/stm32h7xx_it.c_save
2026-05-10 23:08:04,107 [INFO] CodeEngine:289 - Generated code: /Users/jeffreya181/Desktop/Projects/Haley/Project-Haley/HaleyEmbedded_RevA/Core/Src/stm32h7xx_it.c
2026-05-10 23:08:04,111 [INFO] CodeEngine:265 - oldGeneratedFile, /Users/jeffreya181/Desktop/Projects/Haley/Project-Haley/HaleyEmbedded_RevA/Core/Inc/stm32h7xx_it.h_save
2026-05-10 23:08:04,172 [INFO] CodeEngine:289 - Generated code: /Users/jeffreya181/Desktop/Projects/Haley/Project-Haley/HaleyEmbedded_RevA/Core/Inc/stm32h7xx_it.h
2026-05-10 23:08:04,178 [INFO] CodeEngine:265 - oldGeneratedFile, /Users/jeffreya181/Desktop/Projects/Haley/Project-Haley/HaleyEmbedded_RevA/MXTmpFiles/sai_init.tmp_save
2026-05-10 23:08:04,240 [INFO] CodeEngine:289 - Generated code: /Users/jeffreya181/Desktop/Projects/Haley/Project-Haley/HaleyEmbedded_RevA/MXTmpFiles/sai_init.tmp
2026-05-10 23:08:04,242 [INFO] CodeEngine:265 - oldGeneratedFile, /Users/jeffreya181/Desktop/Projects/Haley/Project-Haley/HaleyEmbedded_RevA/MXTmpFiles/sai_GV.tmp_save
2026-05-10 23:08:04,302 [INFO] CodeEngine:289 - Generated code: /Users/jeffreya181/Desktop/Projects/Haley/Project-Haley/HaleyEmbedded_RevA/MXTmpFiles/sai_GV.tmp
2026-05-10 23:08:04,305 [INFO] CodeEngine:265 - oldGeneratedFile, /Users/jeffreya181/Desktop/Projects/Haley/Project-Haley/HaleyEmbedded_RevA/MXTmpFiles/sai_msp.tmp_save
2026-05-10 23:08:04,396 [INFO] CodeEngine:289 - Generated code: /Users/jeffreya181/Desktop/Projects/Haley/Project-Haley/HaleyEmbedded_RevA/MXTmpFiles/sai_msp.tmp
2026-05-10 23:08:04,650 [INFO] CodeEngine:265 - oldGeneratedFile, /Users/jeffreya181/Desktop/Projects/Haley/Project-Haley/HaleyEmbedded_RevA/Core/Src/stm32h7xx_hal_msp.c_save
2026-05-10 23:08:04,819 [INFO] CodeEngine:289 - Generated code: /Users/jeffreya181/Desktop/Projects/Haley/Project-Haley/HaleyEmbedded_RevA/Core/Src/stm32h7xx_hal_msp.c
2026-05-10 23:08:04,822 [INFO] CodeEngine:265 - oldGeneratedFile, /Users/jeffreya181/Desktop/Projects/Haley/Project-Haley/HaleyEmbedded_RevA/MXTmpFiles/system.tmp_save
2026-05-10 23:08:04,886 [INFO] CodeEngine:289 - Generated code: /Users/jeffreya181/Desktop/Projects/Haley/Project-Haley/HaleyEmbedded_RevA/MXTmpFiles/system.tmp
2026-05-10 23:08:04,898 [INFO] CodeEngine:321 - oldGeneratedFile, /Users/jeffreya181/Desktop/Projects/Haley/Project-Haley/HaleyEmbedded_RevA/Core/Inc/stm32h7xx_hal_conf.h_save
2026-05-10 23:08:04,968 [INFO] CodeEngine:345 - Generated code: /Users/jeffreya181/Desktop/Projects/Haley/Project-Haley/HaleyEmbedded_RevA/Core/Inc/stm32h7xx_hal_conf.h
2026-05-10 23:08:05,143 [WARN] IPConfigManager:3811 - IP not found : TIM
2026-05-10 23:08:05,144 [WARN] CodeGenerator:4259 - IP not found : null
2026-05-10 23:08:05,151 [INFO] CodeEngine:265 - oldGeneratedFile, /Users/jeffreya181/Desktop/Projects/Haley/Project-Haley/HaleyEmbedded_RevA/Core/Inc/main.h_save
2026-05-10 23:08:05,259 [INFO] CodeEngine:289 - Generated code: /Users/jeffreya181/Desktop/Projects/Haley/Project-Haley/HaleyEmbedded_RevA/Core/Inc/main.h
2026-05-10 23:08:05,262 [INFO] CodeEngine:265 - oldGeneratedFile, /Users/jeffreya181/Desktop/Projects/Haley/Project-Haley/HaleyEmbedded_RevA/Core/Src/main.c_save
2026-05-10 23:08:05,484 [INFO] CodeEngine:289 - Generated code: /Users/jeffreya181/Desktop/Projects/Haley/Project-Haley/HaleyEmbedded_RevA/Core/Src/main.c
2026-05-10 23:08:06,450 [INFO] ProjectBuilder:3606 - Time for Copy HAL[1] : 445mS.
2026-05-10 23:08:06,511 [INFO] ProjectBuilder:5216 - Project Generator version: 4.7.0-B52
2026-05-10 23:08:06,803 [INFO] ConfigFileManager:1595 - The Die is : DIE450
2026-05-10 23:08:12,309 [INFO] ProjectBuilder:5496 - Time for Generating toolchain IDE Files: 5782mS.
2026-05-10 23:08:12,325 [INFO] ProjectBuilder:3463 - Time for Copy CMSIS : 1mS.
2026-05-10 23:08:12,336 [INFO] ProjectBuilder:3463 - Time for Copy CMSIS : 0mS.
2026-05-10 23:09:40,485 [INFO] NvicIntPanel:101 - NVIC parent = com.st.microxplorer.plugins.ip.nvic.MultiNvicIntPanel[,0,0,0x0,invalid,layout=javax.swing.BoxLayout,alignmentX=0.0,alignmentY=0.0,border=,flags=9,maximumSize=,minimumSize=,preferredSize=]
